ID;CODE;WALLET;SOURCE;
0;5uhrgX;0x2780ea316e65218848747f34018aCF9B43Dc4fb1;Physical Sale;
1;4KndDA;0x0F0B25669ef0753287923EA6E0c8aE3Cd64208bE;Physical Sale;
2;3p8saH;0xE92E037FA2f622cd5421c1e2D88AAD0f0A74df10;Physical Sale;
3;32BFqc;0x0063049B37b0fE4978BB3556e2379802130069EF;Physical Sale;
4;2P7Zo1;0xE0bfD33e7c0E49dFdF4f6Cad628d2d2533042DF0;Physical Sale;
5;3Xq1UY;0x3653346baEeC4C694ec32B9bAEb03b08DFD002f5;Physical Sale;
6;VDzvy;0xd39e38acDdBaAaF32Ba49c81e4212317D8664752;Physical Sale;
7;2V3WvS;0xfC89a556e82c63e1A6b379b416Ec8D9F3187cD1d;Physical Sale;
8;3WM2CF;0xddA83b9c5D7Bff349A9C150C4D8148478eCB88c4;Physical Sale;
9;4utLhE;0x4bc523a1186d23b8a4e8D3022F852ac93547749b;Physical Sale;
10;4kzR1B;0x1BB39f3aB357d6432d0f44fb2Cc25871B4FD6F37;Physical Sale;
11;3y2oGW;0x643F185a32e537c60e3711A47587F4dd146C2b7C;Physical Sale;
12;2ZVUmZ;0x6e84783AB2646600fE83e9eB1664fcceDD91f520;Physical Sale;
13;6aFY1i;0x32F81E28FEE9F452EB5Db23bc944f34D6F4Ff4c3;Physical Sale;
14;3QR54y;0x9A4453aF1Bf47130E152C39e6002F7f89B47adCa;Physical Sale;
15;5M68VC;0x502332D6168aC9FF4526E6B84D33696a358d13F0;Physical Sale;
16;3ZJzm5;0xC0352278993b9075FE617590636B4dE4e84eb2cd;Physical Sale;
17;5Vz4BJ;0x2d10971eaB1B47f718eC836fAfb74eA19Fa6A875;Physical Sale;
18;7U96ss;0x4fbF9aD870D4b6F0Cb4cA6c1989bdD4a00c3c812;Physical Sale;
19;7EoDLn;0x20570bD76Af1ef75C48ee15c1F75613Fb407a71F;Physical Sale;
20;5jKwiT;0x16391a15384F1409fFa13Fe503BCDCcE7DfD0820;Physical Sale;
21;3anz3W;0x2D472FfBE09B1c9886E5211093072D94c59B28f3;Physical Sale;
22;2vFJiZ;0x36178f08E795E3ff5E59FAae300e9CE6eB573180;Physical Sale;
23;4kzR1Q;0xBf7946202D1fF2903A73e7a76aC526071EbFA7cA;Physical Sale;
24;5uhrgw;0x96857EFF4b7FD6e8069BE51C67C4e304117e3F85;Physical Sale;
25;2FhdPe;0x009197CA7Dd2143Ea8fC6DC32e9ba9D6e0f3D1eB;Physical Sale;
26;4FLfNZ;0xc635BF83953730D056b8B6Dc3cC655d14169d363;Physical Sale;
27;2fRRuC;0x1fc1101b9F7d77b5483d829552A968dd56F4159d;Physical Sale;
28;46SjgX;0x2621535d9a219AE503e66a301F6a87935E8fc0d9;Physical Sale;
29;693kE8;0x47136eA5342ac2ec0aA843F16C610CEbA5c27575;Physical Sale;
30;Mp4Xf;0x94d841161b36337576e482281b09956a83178089;Physical Sale;
31;4XeXUS;0xE129930D9eD915821C681eB967f7AB77f259C697;Physical Sale;
32;6RMcKy;0x9e1B681FFdFbC991a84aF4d0eAA92C4d5bd5B08F;Physical Sale;
33;3TP3dz;0xda646ADe681335816376D57206dD627B99B664Ea;Physical Sale;
34;5Na7ms;0xa34191BCf93803F3E547619bFa48c3231aaAF1c4;Physical Sale;
35;4acW3C;0x3a66D65a54086B5441E90b4c2737ed2FfF88Dfe8;Physical Sale;
36;7KFBC7;0xC1d804862eb8F38b5EacCDe462F4b503036e22cD;Physical Sale;
37;7EoDM6;0x62E406e47dF9d4eEE910b02e5A881427c240c72D;Physical Sale;
38;2pKMbT;0xddD188746366d522df49Df9Bc6C9c41c1A169e79;Physical Sale;
39;4MGcWA;0x30a43a0942A1d801c933572BA79B63A4557E585d;Physical Sale;
40;3zWnZM;0xB519472503Ce651198C72ABD714ADEB5fF451B73;Physical Sale;
41;h5uCL;0x587238D9F2B6e15E127c494d28C64ba5875C445d;Physical Sale;
42;h5uCM;0x7B08bC754fD9428D77aBeFd9cCa51A1f7eAFb771;Physical Sale;
43;3iCvTc;0xa74E7577d4275E68823dA2cD5404cCF22c6ffB5e;Physical Sale;
44;32BFrK;0xc2AcE8d4a43d954FED45b0e225619631a9C76Cc9;Physical Sale;
45;Mp4Xv;0x89edDD138BaA6D06588Efb9111D59D6Aabb3a2eB;Physical Sale;
46;3mAu2M;0x90ae486AaE7A4EfD6Db03F8a5C86DCA17C664B36;Physical Sale;
47;o1rKp;0x825697c588A9982BbB95De154E1d30b8207C7BCb;Physical Sale;
48;Mp4Xy;0x83F36F83144CAa435e352D05A497177343E73bE7;Physical Sale;
49;3MT6Wt;0x8F513f89B0E2b63324f9a9097b0Ca1012992742E;Physical Sale;
50;4WAYCR;0x59aD5bB191D9D9324a5CEb5badd7025E591347e3;Physical Sale;
51;3ZJzmg;0x1767cd9544c745ca3C346215012eE37aDD852a19;Physical Sale;
52;3H18fu;0x8B8A0CdBc3d596dF96Be38435e9Ee65fCA485790;Physical Sale;
53;5T25dE;0x480924534eeaCf039Ed5334E1E028dcAb16fE775;Physical Sale;
54;42D9w;0x854e797A60950283B3cBea202d65B4f2aFd8e92c;Physical Sale;
55;6bjXJn;0xB18055027bF08a803ea1c8a489D564E2F5876385;Physical Sale;
56;6zBif;0xF24fC317EB80fbcf858360c688002162Fb79f14a;Physical Sale;
57;2V3WwJ;0xB29814254Fbb202B930D835C164E9f090AEd3545;Physical Sale;
58;b9x5F;0xa8aE88dcd7f70Ed6dE5c36f527F9DaC81f8E0cE9;Physical Sale;
59;3zWnZg;0xA15026C4EF689b6d9CC71cC98c0c416C3f3F8f9f;Physical Sale;
60;4CNgpT;0xE12003B084b08d9578fDd70429Ff3E3d9BB623CD;Physical Sale;
61;6zBik;0x029302592fE2ECf8BaEe86ee1F2115f213A24fd6;Physical Sale;
62;5qFtrZ;0x0942b1F221926d2BC91A5608686B309E3396f7Bb;Physical Sale;
63;6DVi5k;0x32A6249E4Ba2855C312D3908EDF1603Bfa05030d;Physical Sale;
64;5dPzbq;0x0BF2F4a4f8B93848998ECb0507238a62e3FC60FE;Physical Sale;
65;2FhdQL;0x7a269Ab7E635Bd150C3034e0bD04c1a52eB075e1;Physical Sale;
66;Qn36y;0x371C0DE9A6149929825FE38bEE4732F90D92Ec3d;Physical Sale;
67;4UgYvN;0xD363B5FE1b7516A3ed981a531E5d1eC34214aEC3;Physical Sale;
68;4RiaMh;0xeC30c6bffD1ABf0F1A9Cf46f5F2e0D13EBB75d08;Physical Sale;
69;5z9pYk;0x6900f06aBA513218095Bbf96DA8aDBe76Efe6aD1;Physical Sale;
70;6RMcLd;0x6E31349864f0654C5d0a32CF6fb5Ff8AeBCD523A;Physical Sale;
71;6C1ioY;0x42Ee6bC9A545eE89083f5f68820b6882b89645C7;Physical Sale;
72;6obRZq;0x79D3b42C97B6a3e4f0B31b52fc782A367234d140;Physical Sale;
73;78sGEL;0xc4d2111e4376F192c479dC96363f9eD998bd1dAA;Physical Sale;
74;3Nw5of;0x1d1740C3bB15F5D9f31a3791393Bd16655b32Bc3;Physical Sale;
75;7ND9mU;0x04f2eA694cAD30F539080BA42e2E4579d401786B;Physical Sale;
76;5T25dd;0x6730B4F1E19A70bf7cAC5242D77e574807f34411;Physical Sale;
77;5omuaU;0x7f17cF3B2e96a207Cf9f294CC310A1FF8523610a;Physical Sale;
78;BS9a5;0x59d92E355623Dbb53165A42972c429955d163990;Physical Sale;
79;6gBVAE;0x9d1fBD2d157404E18a533e1285C422685dFF1C62;Physical Sale;
80;2EDe8F;0xcbA44Cc6Cd8a9E240Bc9B7E24469Fa2bC956368B;Physical Sale;
81;4f4Tu2;0x5507db1Ad0bd88341767b5D42d093cA701e4ea94;Physical Sale;
82;4CNgpq;0x1D818891c3B7fB3D1110300A4B0616069B95bB30;Physical Sale;
83;4tQMSA;0x42726f0845C03aE41de8C7d066c74A5dc91ca541;Physical Sale;
84;4UgYvf;0xF84C27eE5A4ff7D3126fF562A120E0bD71136706;Physical Sale;
85;6VoaBv;0x21b29b31ecBb9167A46A3EbfCCDEE2325b058bdD;Physical Sale;
86;pVqcq;0xBf01177A39fe809e20AB7d48a06768e80B0c63D0;Physical Sale;
87;78sGEa;0x9fAdE4B10c3e7eCc000d2CB612e05CCCD3388cD0;Physical Sale;
88;5WCSs;0x05593368917714C2163ab2659c4518E3315b083a;Physical Sale;
89;3Ky7FE;0x49E7eddFcdF04E6e8f7bE9254393F4bAeB07Ce85;Physical Sale;
90;8UB1b;0x8A092fbF83c9D2dd476fbF66Ed8AdA243b52C3bE;Physical Sale;
91;6xVMGE;0xfA76c06A61a872e5f7024b76879c0E8Dfb2EB644;Physical Sale;
92;2iPQV1;0xc7bc64C1Ec6bcd7C8C1A11F3638E8688dcbD1687;Physical Sale;
93;2P7ZpY;0x2D356Ed5b237D6e3B55f7C6a53Bd2F84D817EF6c;Physical Sale;
94;3Nw5p1;0x7697E3aEaCFcC83d2B82AAF9cD51Ab99CE9F8e4E;Physical Sale;
95;5z9pZC;0x3739C6Ede3fdAbb86491526cAcEf05d2A2E91a41;Physical Sale;
96;3wYp1d;0xfC0645Bd5F19EDfcF09AEb70BFEACfD615B363A3;Physical Sale;
97;k3smz;0x3edc37d8e747F0137f1241aEef4aFd057F786DB4;Physical Sale;
98;5J89ww;0x2a184b61CeB52CE82116f1A1c795778321450328;Physical Sale;
99;2YDtN;0x9446E3427aae5bd39B8e4f37dA864A26a4c040b7;Physical Sale;
100;2mMP3q;0x39CC83C630cD1c0c0B1c6bCCC9A5276DCfd5F6BD;Physical Sale;
101;3taqT2;0x81dbd75B1442b4A069933BEeE99B0264b6546D56;Physical Sale;
102;3CZAqj;0x803e4815128Ef1bc553802F60a1b53842bc0eAd7;Physical Sale;
103;2CjerJ;0xf765C0AED03270AF327c91a282bc08f130105c36;Physical Sale;
104;2V3Wx7;0xF8f912D0795B752587b2a11B6218CdfB40aB97A6;Physical Sale;
105;6DVi6U;0x78f462D4fc01165fcE77f22C85e2F584f2778FDE;Physical Sale;
106;5Yx2mX;0xBC8A92AB3569dd90CCa3199A5eBf1937407C1429;Physical Sale;
107;qypuY;0x43ACC69a942B4b1545ede1becE65f6C17fe0604a;Physical Sale;
108;5FABPR;0x1C06Bbb31aB24db4252BE559D05f2c755721958C;Physical Sale;
109;6AXjXr;0x05d1b17769f9D643b293Da87DAb544Fc6083734A;Physical Sale;
110;2wjJ2R;0xE8C9862A2459f9cE6ebd17Fe7Ca6B577A0680E97;Physical Sale;
111;fbuwC;0x5AE26b9CD449CD73218D6c61a223d82B6175B44f;Physical Sale;
112;2YDtb;0x91A810835A1Ad4aD8EF862360e9B931B6D5DE78E;Physical Sale;
113;4xrKHi;0x3E4BA816Af7c0C2A44D01A4b5feA068427AEdAa7;Physical Sale;
114;3cGyMT;0xe62A5E8a3eDF72dBe79c2b4AE24b3708B375453b;Physical Sale;
115;2HBchY;0x4a53Ffd2463a4757ebc6461cCAB131AF4f82a1E5;Physical Sale;
116;71TKqM;0x31D9f10fC9AE237D1204Bcb30Dd2C2F4a905Cd1F;Physical Sale;
117;47vizQ;0xd32F01e105583234a62E8d2a6C0F700E31aa7de6;Physical Sale;
118;5z9pZb;0x1fb54BBc236a85189CE342028078015D9e5506Be;Physical Sale;
119;26ohjC;0xa965Ec4bf9fFE82f110E845062e85E093c889865;Physical Sale;
120;637o8K;0xc64037a4CEC4E1b9c8ac9252eC54Cfd6c2a74CC0;Physical Sale;
121;2yDHJx;0xcc9fE672094B482A871d60129738170E515BCA95;Physical Sale;
122;5z9pZf;0x2B9dD936b0E470Ed966e2cE2A1b0F5f1EE13be44;Physical Sale;
123;5FABPg;0x2Ea37c09046Fc2486B03705F5d5179563893f7a9;Physical Sale;
124;6w1MzT;0x73294B5128D45dAE33581Ea1Be028844be133899;Physical Sale;
125;3JV7yW;0xb5D4C420Eec2d6B5DC2f5aB69Ec733da9db46D44;Physical Sale;
126;Zfxp5;0xffC59a453b73A13eF4852eBf3375C86A49b9c942;Physical Sale;
127;41zmsC;0x77B2308ee8a476feb3aCcF29aD96919Fa909a12E;Physical Sale;
128;2BFfaP;0x0BaBc0e57c45A5483962f03D5Ca2b63bEcD2f8e3;Physical Sale;
129;2nqNLg;0x4B31C93ad7F27E251961464eceDF6cA1C8b06a93;Physical Sale;
130;3fEwvR;0xfbA03fb6aBC12fbBc641f527428666d3BE0dCe4e;Physical Sale;
131;5GeAgA;0xe9B9b9073D34E28c183aFAC74AC21B105351fB33;Physical Sale;
132;SG2QT;0xD39D056D80053d50B4DFc3FBcd24B39BFCBbA885;Physical Sale;
133;Cv8sN;0x439b042dBAf54d756246a015c649CBD3A7963500;Physical Sale;
134;Qn389;0xA6294205d0926D0302ad80f7f93b899D22eF9bDB;Physical Sale;
135;4qSNtN;0x0BB6881c51beC073121db1Cb6c7aE5FC99FfED65;Physical Sale;
136;4kzR3M;0x5fEa1A38F28419451658Db2Ecb9C3bc0d8916F12;Physical Sale;
137;2fRRw6;0xF450504B65549F9Af1D94F3e9B36835eFc582802;Physical Sale;
138;665mhK;0x584dd9AEE4a3c6c63f130b03b81812104AeEccd6;Physical Sale;
139;6kdT2J;0xC8f51196FB6bEf2F2e93295b99e01Fe16cc05e58;Physical Sale;
140;22MjtX;0xa32Ab818897694c8cb067Cfa3FEF5398286e48ed;Physical Sale;
141;7Sf7de;0x7e592831B0551A99bCA0D04F8408d2ff8d9f2f8e;Physical Sale;
142;3H18hT;0x91Cc97EE62c7b293262e0e0612915431739d8A92;Physical Sale;
143;57kEzJ;0x1ac8A904c256b6f16FC569e2998E96Bb5E04a026;Physical Sale;
144;b9x6j;0xFFaCD7535B5aaEe6cb7d5a108f502d07bb5300Cb;Physical Sale;
145;6AXjYU;0x0c1de592808A0725E31043a5E1F339813cb8586C;Physical Sale;
146;2vFJkh;0xe6C65B5A571515484E332A7D692A4eaf9EeA3799;Physical Sale;
147;PJ3r2;0x7959ff156E99c807816F31D2c5BcfD471beae498;Physical Sale;
148;6rZQ9q;0x53A731413a0F2E5fa9D655a7abE71111B3fc77E7;Physical Sale;
149;o1rMa;0x6Bf57947A0E50b6FB4a3946182406AbFc6ED7f99;Physical Sale;
150;3Ru4Pf;0x80b7950853FE8F2aD9b604f975a57Ac386883AFA;Physical Sale;
151;3WM2Ei;0x3C0304649DEa6BF38a8481FC5B0d8294b25cf6D5;Physical Sale;
152;5CCCqV;0x670Ea131d8AcDcBFe49d979093a013bE381B9167;Physical Sale;
153;2YDuJ;0x74F8C8647461509e6009a0bfb69EaCAcEba0e69b;Physical Sale;
154;7Ph95B;0x982F90D9b5CEb973cF79ba52dD6a494c469f46Cd;Physical Sale;
155;4jWRmL;0xcb0137e41aF4688160EA5d232A86D0D44710CdD6;Physical Sale;
156;6KRfEj;0x6e612a4a90E7B68d081F4c63d9fA575657665AF5;Physical Sale;
157;4GpehA;0x76d0a69Eb27130eF839EBAFDeC674ec3Be7Cff76;Physical Sale;
158;637o8y;0x9A296f3700e48cbEA3ED1287fBBD1B2292a114F6;Physical Sale;
159;2ayU6S;0x52Dc4980E091479197A7004237115E70Bf1F3d20;Physical Sale;
160;4CNgrB;0x0Dd60F21322D5e56F87705083ae12BA7F3f2fB2a;Physical Sale;
161;7GHCfa;0xd32427770DA827A4c15055219f9dEfe654C51100;Physical Sale;
162;2cTTNq;0xD811D401A95D9973467Ec853f3bBFc6283b46F3C;Physical Sale;
163;5Q476S;0x954dc408Ab45A5A8d098987fF9DbFc97cA0AF4Ed;Physical Sale;
164;33fFAj;0xe4a39360434710e80DdEDd4Ee96Dc321301f4C68;Physical Sale;
165;vRnma;0x4f764b6aD250aE2743E0f0cA81d176d7f451F5d3;Physical Sale;
166;6kdT2m;0xDF033ad5CabB37b1c0C97A75685a26eA30058f7f;Physical Sale;
167;2MdaZU;0x620cc3a8F157131683A38aE76EdBf48D07d1e814;Physical Sale;
168;4CNgrK;0x468aCeCCDdeFBeA15B127E728297161Ba6149a32;Physical Sale;
169;6Sqbeg;0xe843731a27456f30b6095c858ce5F85b32136108;Physical Sale;
170;2S5YQZ;0x49c203C4803cfC0E2259A05bAC821bDBD5418423;Physical Sale;
171;78sGG2;0x409Ec8000B7BCEE68CAE87e6b870EDC3cfBa9d4d;Physical Sale;
172;25KiTm;0x09f09fc6E254078f4459987268Bde282762f0483;Physical Sale;
173;6XHZVn;0xBE9f53d22D5A0FCf700F8f10376754E13999E0bE;Physical Sale;
174;2FhdSD;0x55166c58b62625399eE1241deD28124e78A0014C;Physical Sale;
175;4jWRmg;0xcea2eba5AAAa9267C841D5976F028ed9663Fbf60;Physical Sale;
176;4QEb7D;0xf0e6e56859E42dc88AFD9223899DC146327F0A52;Physical Sale;
177;5aS256;0x5E77737f42F8315a2A7ae010B11ce63CEd574294;Physical Sale;
178;6q5Qt1;0xC858925070EB2C84022a8078FF7DC6Db0845342E;Physical Sale;
179;6YmYnE;0xFD0D06DD206174B4106e0794a33bcfdEFa1A3E01;Physical Sale;
180;33fFB1;0xf2BdbF124713e91ef65387A0927e992D5E32FB39;Physical Sale;
181;4f4Tvk;0x7f6Aa7E1fa7c2e370Ef914B183fA2225bDC47E4D;Physical Sale;
182;72wK8q;0xcB3145A7502dcC59767a78B307D4582dF0E27252;Physical Sale;
183;2tmKUz;0x163115C7E5fe488fc6736b91eeD36927Ee56500F;Physical Sale;
184;6EyhQB;0x88a8Fb6dF0e2AB29880f9B0ee03d0DFA123B715D;Physical Sale;
185;6j9Tkk;0xCCB5B4f3948c69D209179CC99A5fB370a45A6E69;Physical Sale;
186;6EyhQD;0xD7CD3E008A0d8199D20f9a0B832eBEa6450C1092;Physical Sale;
187;3ZJzp2;0xb82691aC6f8EC0402C83C8e52BAd5118639B5167;Physical Sale;
188;4f4Tvs;0x60E314FE5Fd261Ae19d40b0B1501A1195dd161f1;Physical Sale;
189;2vFJmS;0xce8b612AE7c60D9f6CE92C0E94dc632A0267d035;Physical Sale;
190;43UmAd;0x8f6023F32D347e56F47583BDc3dbA6fb88eA2d78;Physical Sale;
191;33fFBC;0xe3Ed82FCE86EF4e1A13b165907e72F3Fecd9ceac;Physical Sale;
192;6rZQAb;0x072f3c3C819aF09063e176f1cF57dBb55feB51Df;Physical Sale;
193;2V3Wye;0x34beaD844233F067F918Cc57C24B2BbD6d0F5dE0;Physical Sale;
194;6w1N1f;0x8920F00D2B0bE29131865636f1dfF41A09d6d219;Physical Sale;
195;4i2SVg;0xF983a2e59F9A1A271b6AeDcb076B6Fe278c90Aa7;Physical Sale;
196;5qFtts;0xF0Aa02c33881367837A3e03533073f4d165Fb8B5;Physical Sale;
197;2zhGcc;0x4CD1e9a786b6EA726293a1a6c6E1B24ed30d7720;Physical Sale;
198;6kdT3K;0xa863B8dB8F97E37416C52Af6f3B0eBFDbB86e2e8;Physical Sale;
199;6dDWdc;0x49a227018d8CfD07a6D67E01eF99F74cD7085b18;Physical Sale;
200;28Hh2w;0xf18dA0d65D59eA6FE0057cb866F2b1Ffd37462d5;Physical Sale;
201;3H18iU;0xBb1C43646A128c50dd2bF314F88A83DC1eB53c94;Physical Sale;
202;71TKrq;0x1B85235E2d4bFFe3e69Ccc7e1e33D432aAAb4f24;Physical Sale;
203;2EDeAN;0x35364bCF2e6E267b7C07DC288D4b0A0f2c35d40f;Physical Sale;
204;7U96w5;0xBf763f1e6Be8567164BF91638Fa734209a045d23;Physical Sale;
205;6YmYng;0xE00188B689ECb10cD93e060B285a2bE1d6A2F2b0;Physical Sale;
206;yPmLy;0x0Ba9Ab62a10ddC46d97C06a9C5BA140c89E1F641;Physical Sale;
207;7LjAXQ;0x017eD971997A6Cb197b329c68fc1bB90d93e0599;Physical Sale;
208;5bv1My;0x9F3415FFCF2b1a42fb2dd72a4232c19920164DC5;Physical Sale;
209;4CNgs2;0xa784f215243befe2680a087603624675bCd5760B;Physical Sale;
210;23qjC5;0x712519020d08D983414ba9cDC2885d5C322de4b3;Physical Sale;
211;5qFtu8;0xc0b69c9bD82fB8b5fef621b4e6ACE75916c5bFc3;Physical Sale;
212;72wK9M;0x99188fAAE7aB3D1DcD8d314E6F7C72D7B5f373Bc;Physical Sale;
213;3zWncL;0x464543C09FAE79C1eC6CC55b69de28070e99F34c;Physical Sale;
214;Mp4aq;0x3268BC88Cfcef3Cfb68eF2A595D2B3aC7e4b997e;Physical Sale;
215;7Ph96E;0x403E412851055D02b339C1E6E2D46bf981c3C5A1;Physical Sale;
216;6n7SKy;0xbf579Fc1cAe7790dB9aB5ED0d2F92de5eC0F2F82;Physical Sale;
217;3iCvWc;0x91B199d091B6C4edC783d97cBb2Fa0338d4Ab95F;Physical Sale;
218;7KFBFF;0x04BC2a743116A1B5B1AA9f089bd07188603a5717;Physical Sale;
219;4Athar;0x6d096F3E8f02377c3101A890Cc362E7e5534241A;Physical Sale;
220;3FX9ST;0x669f6E37Cc33e50Ca2Ab624758fEAF825eBfa889;Physical Sale;
221;4acW6Q;0x945845e03677AADa297b97751a70cBB0f493Cf0D;Physical Sale;
222;4qSNus;0x202C48Ea5e40cC0D3e8BE06b8AE047C673162e33;Physical Sale;
223;47vj2E;0xF7631347b89D4f30B726Dcab7F684638756aB387;Physical Sale;
224;mXs6X;0x1d30d2cf07d603B49fc8B100EA525Ac1C403cdaC;Physical Sale;
225;qypwa;0xD136c8cd5E64c838687136aF0Bb4aEE035C081B3;Physical Sale;
226;2P7Zrq;0x7B523EA317ec75015A10B33EFfA23473EBbAEC7a;Physical Sale;
227;6gBVCn;0x232d57f7FB18F9FeA69206F819E57A2574aEc5B6;Physical Sale;
228;44xkTd;0xBd7d7f371d36333f35d760D63922dfDB5E33079f;Physical Sale;
229;5gMyDN;0x5B9ec8A9d8E49Da1D62A46F0360EcF38E3a72FBd;Physical Sale;
230;7Sf7fB;0x53B0E8EeDd73e9E6d3b2C27c962a490B27869e1C;Physical Sale;
231;7HmBy8;0xfC110833264E27F94CdCC4cEE19E43ac218324Fb;Physical Sale;
232;LL5Jo;0x1471F58Dd2c773AAB565Ef41DD6e02473f6A84a8;Physical Sale;
233;4wNL3S;0x6b10588D31b5AB38b11BB361CEbCcC9b5Efa6B53;Physical Sale;
234;3FX9Sh;0x417780A4D50d938831bb9006642520676F500c4E;Physical Sale;
235;4nUQMQ;0x6592A1746543A5f4FCA73799F5a3A9b0d3C1742F;Physical Sale;
236;SG2SF;0x4CF4c93Bb07E5040d3EBEe66916a39D59CF30e93;Physical Sale;
237;2WXWGk;0x41Fa8C576700a21074e32c011e71C02eEfc3F698;Physical Sale;
238;3p8seM;0xeC03f5156fD9893892483B354BB439827796f4bC;Physical Sale;
239;4MGcZc;0x3b39E82587E4D5854C91C8D6f2c1AaBceE0ad3B8;Physical Sale;
240;o1rP9;0x2121b59cD3Be1A3547db05951EC371c73fCbF3B3;Physical Sale;
241;2HBcji;0x903D87ef596f79f0cD9b2e09a52cAF899123DB0E;Physical Sale;
242;4utLmF;0xf637A1C6DAA5ba217f4660aFE0Bda970c1E9aeB0;Physical Sale;
243;3zWncr;0x0ADCD5E0769739B095D45EE5Ac9f6D05c33489CC;Physical Sale;
244;4tQMUw;0x704D6610da48851fDfDAa238CEA16eF4e8a174dC;Physical Sale;
245;4MGcZi;0x036c70D3dAA4243308759B2eeb12B33EffddC488;Physical Sale;
246;2ZVUqb;0xA35281b3489Adc9081F1A84dE7FAB0D61EF17151;Physical Sale;
247;3fEwxS;0xdE467A1a3D3c9fB0276e2886D5DaC3a468Fd5809;Physical Sale;
248;49QiK1;0x9C238912BB765356F7367a99D88278b1A1EE571c;Physical Sale;
249;twoWg;0x7567f22bc480319b6fFc77Fe025E15DCE2cB6eA2;Physical Sale;
250;6KRfGM;0x68BF4997A1253dC74813E36a714EDc0cFAEbb803;Physical Sale;
251;8UB4N;0x40f1B9DA89302d6273740A0767d8a5E26DE51d17;Physical Sale;
252;4JJe19;0x54E8eD3bB87b2863455bBe0B21A30f112e3F368C;Physical Sale;
253;PJ3sr;0x06CD895B790A948625197E8bD20f878E4Cfc9eDe;Physical Sale;
254;5CCCsF;0x08362F4F7f12a8A285F454AAe37cf81D8eC9047a;Physical Sale;
255;5Q4782;0x744C8A235572a5Bb713703089fff88e164fa16e9;Physical Sale;
256;4NkbrF;0xE0469c147708681e3768834468e78d58C711d25d;Physical Sale;
257;2Cjetx;0x9f92d04161E3CB6D0bDA9714fa54A1dAF394F568;Physical Sale;
258;6XHZXF;0x90F64B0f0C665B2a9f83a20D09D91cDa0131AD9a;Physical Sale;
259;59EEJe;0xB13336014e4E7145757592ecf12acc483991a10b;Physical Sale;
260;4WAYG3;0x4B164C3b11eA2FcC8F6785eB0C737F2cDB1F15C8;Physical Sale;
261;71TKsr;0x2dCB1A379bbA3844f8fb3D7E6abda62e584ecca5;Physical Sale;
262;zskeH;0xbC86aF1dc5ef3bdf9D0298208b9A55b647BD79fd;Physical Sale;
263;7HmByg;0xFB5C9660235c1FC53264847DA5A7d400243abBf1;Physical Sale;
264;5AiDb5;0x07a3fB2f172f82e409df0505a00FBF20b27a7899;Physical Sale;
265;yPmMz;0x8F20698bE0b10ba6fb3cb1da7F85E37cD3AC0644;Physical Sale;
266;5Yx2pH;0xE6EF61C8cfA96BD158Ce4Bd6cDf10aFDc3774099;Physical Sale;
267;3taqVt;0x27dbF5B580aB357aE795bd955547B815A61a59f2;Physical Sale;
268;4qSNvf;0x43969B8BF51aEd79870c6FaD7E21AB09EaFee7bD;Physical Sale;
269;Tk1jA;0xD7836cF997560d4b28b17Dc24Ba8B0a81867de1d;Physical Sale;
270;6bjXNV;0x549b4aFD561B096F0fbC4Ca5e7c7489d7e0b17EA;Physical Sale;
271;3zWndL;0x743B8a2279959B3F13EC5Fe43dac5c5cF7c32129;Physical Sale;
272;2fRRyR;0xF8f44b103f9e25BBD27D3E69a9258EcD1899c289;Physical Sale;
273;3dkxgY;0x1Cedfc012E7C19dd47df2DEb52a8378DD0b6333B;Physical Sale;
274;6n7SLy;0x3fC9EA48C16C5384b15fb8C69c9fC24E2dc2Aca2;Physical Sale;
275;2CjeuG;0xAbF13d50389345be92b49047B042330E192A2DF9;Physical Sale;
276;71TKt7;0x8607Bc13d0659469a6e772a3f6eD4eAAf15BE0E9;Physical Sale;
277;3mAu6L;0x0508268BE8313EbB044604Ef6F5D4b25D7aA501b;Physical Sale;
278;3ZJzqb;0x247155A6F088febAB63DbC47AbBF9702677C8f3c;Physical Sale;
279;5bv1PC;0xa5411634c84Ff41B7a2d45D28172cbA51B82bc3c;Physical Sale;
280;5dPzfZ;0xa3Dc93722001e04de3E836ba8325bB516E99f3E9;Physical Sale;
281;5Yx2pY;0x2f5568376838A3a34E0c7b343a62481f3623B918;Physical Sale;
282;5wBr3j;0x4d010B7F9AD96f2e686A6598c8ac0216bDE4c8Ac;Physical Sale;
283;4UgYz6;0xf8CC4adAd94a8BE21279a82Ec28321fd1e2047C2;Physical Sale;
284;2vFJo5;0xA03386e86489F853B7F862A721C9cf8E4E6a8a20;Physical Sale;
285;5Yx2pc;0xA94e7A283191eBE775f3876acb2EBf8226a586A2;Physical Sale;
286;6dDWf7;0x05deB98BE6E707505F8561Bc27dD5CFC3fc00ee9;Physical Sale;
287;2jsPpi;0x9508b86Ed25Fab46Ba8855D9D5C268896be190Cf;Physical Sale;
288;5kow5R;0x0cEdFDFb40D78E4955B72978EA68992F9D70b742;Physical Sale;
289;2iPQYQ;0xeD3766819ae706aA7E0b46Ee4E363e5374A69C75;Physical Sale;
290;6rZQCH;0x876859C5E6Ec13560A035381f1a562589e23b02b;Physical Sale;
291;4acW7c;0xEdB82ef9824182C9e71cF22680DDAb67DFc21aE1;Physical Sale;
292;5wBr3u;0xB92587032cf9f575e4B6Ec1ffc2FF478d6a963aE;Physical Sale;
293;3Us2zp;0x51e392BA0aB139A2D30d96C467530CdF368c2B12;Physical Sale;
294;pVqgR;0x2970cc161aA76b41Db320Eb2c21B23Fcf970992C;Physical Sale;
295;2fRRyp;0x10BD71295C0e7011C78553C25Ad507f7A21dC347;Physical Sale;
296;2pKMfu;0xc95d20033074c32942a21e7B4AbE018Dbc0a833D;Physical Sale;
297;e7vi4;0xb1bCB587337aF471069Af21f516056327926F217;Physical Sale;
298;5M68a5;0xdaCA24a1DdDa8568A061aFa9f2f090d64CE1907E;Physical Sale;
299;6Sqbgv;0x6bd163309394BB1cA943Fe4E78709FB8F3d1C5c7;Physical Sale;
300;5dPzfu;0xf275a37a88fE23e37EC5062EeBAfEf298B635A55;Physical Sale;
301;5Kc9Hn;0x08C47aE6b56Fe8cfc3Fa17516a5f226d92565e2B;Physical Sale;
302;6xVMKs;0xbD89c0B0965bEF45d74D24db86d7DD569b8d74E0;Physical Sale;
303;3Us2zz;0x44D81e76fDeD601fb5F8F1d36f50Fd803192cc5F;Physical Sale;
304;33fFD9;0x5d2865924d760d701e1B963fA140ceF137B54AED;Physical Sale;
305;3fEwyS;0x8B60fD380e2023491fA68a881297Cbe799aeE549;Physical Sale;
306;78sGJM;0xeB0EC97767c01aB821f03B244C86d5DA91b726FB;Physical Sale;
307;6obRdt;0xfA19B6B24a0A8675ab62a49cc0474c1837acd9E4;Physical Sale;
308;665mkF;0x720F1408778c484E68508C23b2c4fcf4541E6d11;Physical Sale;
309;7U96xt;0xba76f55F6d9Cf96476B430b4B80af8BFF2C6a6AD;Physical Sale;
310;2wjJ5s;0x4c1fa5e0eBdC22bf6E4A5f0Df1e9a318c77A4A63;Physical Sale;
311;2ZVUri;0xbaD1ED171A63080D49243eAddB58Fa258D606Ae9;Physical Sale;
312;2guRGT;0x72a6860a06EFa11DAF70B552734e74ddFf316Fe0;Physical Sale;
313;7HmBzY;0x2e3e539c8475e25caA675a64E8967b8a5e75F78f;Physical Sale;
314;14Efj;0xc00632E5cD4fA34b280c0f3497b2ebd7e02cFc4B;Physical Sale;
315;8UB5U;0x7c3b7116f2237e370Af001D63BBfd81571511D2c;Physical Sale;
316;72wKB9;0x8D32AEE14Ac2a05b7C4f5a3cB7d6465D4b21fCE8;Physical Sale;
317;6obRe4;0x583B8f75fa251864b7049e247a981617877a66F7;Physical Sale;
318;74RJTX;0xf489D457Dffe1a3C0FBdFeed38da7F86186FD94a;Physical Sale;
319;28Hh4z;0x3A331Fcd16026E765059Ae3169F3246363659FF1;Physical Sale;
320;4oxPfD;0x1158E6da97BfFaa70C604b7e1F90Cf86b5c5AA49;Physical Sale;
321;2cTTRa;0x817EFf55C7375407E5829D86DDdF0E2656340302;Physical Sale;
322;78sGJd;0xA7D046dcA5b7AdaE898b4485065bbd6EC11A117a;Physical Sale;
323;5XU3Yv;0x6Cd285b11D89414a75042c3E06FacBD5Fb66abC3;Physical Sale;
324;6SqbhM;0xF95E80a488d2384A4371eAa9555A5152C4AAf96d;Physical Sale;
325;26ohnk;0x5F3E0034FF657305b12eb3801F9Eae214e737F1c;Physical Sale;
326;3jgupq;0x621eb113890F6D3E3E5E9ec67033296d8272bF24;Physical Sale;
327;3dkxhU;0x812D460360dC8C4a31F47e7cf025409240D11FCb;Physical Sale;
328;2MdacF;0x419093b5d0Ef5cf1b984Df436ca848f1f4B90688;Physical Sale;
329;22Mjwn;0x8e8EF91a7Bc1f73CF477B4a16598DA5048fdD60C;Physical Sale;
330;3Nw5t5;0xdE36B6D74841B51AFf1Cdff510f2a786852Cb4Aa;Physical Sale;
331;7HmBzr;0x597Fb090411BECDD06b85B3531AAA4cE36D561B5;Physical Sale;
332;Mp4cs;0x7ce3765B40F163FC265DFc2f73cA53c5a2ec26e9;Physical Sale;
333;PJ3uE;0x6062D3fb8f4439A2E7DbDACD816D38Ec648C9999;Physical Sale;
334;5hqxXX;0x0C48E43e0E552fbeB5c71934375336041eD34b03;Physical Sale;
335;4acW8N;0x2Bae134B8b6113D2F7Ce22c3824c5381e5358BA6;Physical Sale;
336;2wjJ6K;0xFD8d08F4c328E5f7C7EF1120d09a658c17979D57;Physical Sale;
337;3WM2Hv;0x0fB9bc48320FA81e3F99F3b1f296474b8013aEb4;Physical Sale;
338;2Y1Vaq;0x9CB71f36FEf1adf69A4efbDDAA8BD16491D378c7;Physical Sale;
339;7GHCie;0x3d89519715AE9A17cDeF5B1CD88020aDDb3063Be;Physical Sale;
340;5gMyFH;0x4fd06dA9bFcD22dD39327230836f7673a895E573;Physical Sale;
341;75uHkG;0x6a26B7D9912c5b8Fb48D1201a62c7871393b5cb4;Physical Sale;
342;2TZXjs;0xa926AfF61e267206f1E119EB9bec80339a4BC8AA;Physical Sale;
343;twoYJ;0xfFb721E3d3aB3b5511852b72C50A46325F94349A;Physical Sale;
344;5qFtwR;0x6a5AFE869FB7e395E3fD197F20c48378f50A30F4;Physical Sale;
345;2zhGfA;0x116c109E2FCb9eA613FaF195EEe20b75a3CF0375;Physical Sale;
346;5AiDcV;0x004963d1389c44c8F858FB8daE07A36AEDde44A2;Physical Sale;
347;4CNguQ;0x454054eeC3728fCC79E67944E8c797d7e1a12144;Physical Sale;
348;LL5Lo;0x3fA43cF8350bF439Fe5a48B6E1E136607EC2c1A2;Physical Sale;
349;5Q479e;0xD12DdAA995f8df5e17F33971c93d3A472efEF85A;Physical Sale;
350;5hqxXo;0x571BA3331d3aCc53311C939277943640638752Da;Physical Sale;
351;4CNguU;0xf5cA2B65AFEF0B58EAB56DB7b9D5A58d81A14582;Physical Sale;
352;3anz9D;0xB6122B13303D7380d324A99aFc05D3f89A01B130;Physical Sale;
353;7Ph98c;0x3209251A292B541C6Dd884E9CceB6d4420530b18;Physical Sale;
354;qypyo;0x1dB450a83f833fe053aFf62120f27843173201d2;Physical Sale;
355;387D54;0x463Dcc8BE62566AB0E02040e84B71125AD970808;Physical Sale;
356;5omufH;0xf334ceD8533AFE322fE649795c784Fc9eC7b9865;Physical Sale;
357;78sGKE;0x5f76Cb24451adE983aC87442dBAb295ee43aCF15;Physical Sale;
358;BS9eu;0xd032Cfdff439e7BbD0b63b9Da3589F05d891bd9e;Physical Sale;
359;5Vz4HC;0xc49FbA5ad67fc316d6e82D5259eF710873cA65Ad;Physical Sale;
360;3s6rF9;0x3c1bEB908eea143D9949154AB048809d9510E4b1;Physical Sale;
361;LL5M2;0xb04E9b33F616CE8B241947bC477b5cf882bcD766;Physical Sale;
362;7X75YV;0xfb10244f5dd126814b3bDc1F6201d42aF396E4a2;Physical Sale;
363;5Na7sY;0xdF2D6b138d0EB4fB76841E75Ca43D57bc15B716E;Physical Sale;
364;74RJUK;0x10eC52033CC7abade3888f9317B83716780f9425;Physical Sale;
365;3FX9Ux;0x725D0fDe7C51643964a7A2C05247A981C1d2CC16;Physical Sale;
366;2HBcms;0xB8408f728909F3fD50f7571B27F831Ec88C29fA9;Physical Sale;
367;k3sre;0x989258E8Bf9f87cF7A5E909dAB668B55FdddA7B0;Physical Sale;
368;5dPzh5;0xE447Deb9ED94d5E57E2C2D3493a24704493977CF;Physical Sale;
369;3B5Bdz;0x0Eb7F5D368ad0C698D5f0b9f7f22ee6Ea8f9B251;Physical Sale;
370;6Psd9T;0x54f33cE6d0D9Db50Ee63e610017f4a6532560f9D;Physical Sale;
371;5esyyU;0xc48961174A4cf25Fe09aF2deE41edebad68a0E87;Physical Sale;
372;5rjtEF;0xC91D8291d569b239B3C5E84DcE860F091B5DAfe5;Physical Sale;
373;3H18mS;0xeE2069e71d4550a4eA31dDae008A042dfEdB6F5d;Physical Sale;
374;2qoLyb;0x768D309A40C54FCc46A62860577E7ff058157BEa;Physical Sale;
375;77PH3C;0x9Ba85999997C4059a6bf91FABf11Ad35EB60dE36;Physical Sale;
376;6UKazb;0x17DB8dB55957F2703691Cd10857f127A8a3F598C;Physical Sale;
377;4CNguv;0x0b9169604347F6182727d4bf7901Baec8ABEd125;Physical Sale;
378;3wYp6V;0x74B3C71A2ECa513f6d40c4F2Cc1C94A5DAE920D1;Physical Sale;
379;2YDyC;0x910B5908D8373254eF2b69833Ff7E6C863525eBf;Physical Sale;
380;5uhro5;0x6f7718335FcA8ab7B42b59e66434715AD439Cf1C;Physical Sale;
381;6SqbiL;0x532F7C966e02ee37033EBee3c79d06CB69388403;Physical Sale;
382;6ehVy7;0x86ab6F03625d8658e7F4DCb5c571ba004C6A0e3B;Physical Sale;
383;3FX9VG;0x0523eb55C8FA6d9A19C0D02374f4022F61016b4c;Physical Sale;
384;693kLF;0x9924BE7988E2Cb0297946acaD14b5670d381F4D3;Physical Sale;
385;3ZJzsS;0xf7E40CaFe6F69d36dbf5E1F47a1A1cC5f9Cf92A7;Physical Sale;
386;3Us32R;0x50d142807F276b03327a240BB96Af846C95c1402;Physical Sale;
387;75uHm4;0x8C4452D61D1B0E4b1358FFe610F1D6Ae10CFD05D;Physical Sale;
388;28Hh6B;0xA3118A666E05e90e4b66655e8B73E894137f3B08;Physical Sale;
389;EQ8E8;0x5531aC18AEf92350F34e9FC7f775F09fFDaE497b;Physical Sale;
390;2iPQa9;0x2Ffc562BAbE36E58c1e8Ed0DfDEE820C43B9A8f1;Physical Sale;
391;Jr65C;0xD536F36Afb6AD3D0Bf838eD63518737B6784c83b;Physical Sale;
392;3iCvZd;0xc1B44356B49798ab0d0D1aC967A12FCa8c3D366b;Physical Sale;
393;5bv1RA;0x34aDbE89d1b759c8838F26ca888f2Bb62Db8d998;Physical Sale;
394;4nUQQ9;0x4D561B006823933a58734D337941b03F38FD7E62;Physical Sale;
395;cdwTQ;0x20f8bED2497A76cE0E5342d303E5Bdb15de1cFc9;Physical Sale;
396;4jWRqV;0xd8580D2E11f6C83d5ED89415Ee3200B2973774A6;Physical Sale;
397;5Yx2rY;0xbFfa2BA8c08763babCcEe114D92B21A7FA83C55B;Physical Sale;
398;6t3PWV;0x0DaF420Ca29d4A22cE34Cf5B32972C9A43f0F9FB;Physical Sale;
399;6yyLdt;0xf023bd19742B9C72B0Cf07BeE225AC2f31FA5699;Physical Sale;
400;4tQMXd;0x987cC16dd0E15f46fd6F3fE9f6b2A5193352c73b;Physical Sale;
401;2qoLz4;0xa0b21778419b568DB38C5065E072B484581b79Ae;Physical Sale;
402;2dwSjK;0x4D4E68Cb6Fe4b6318a24BfDCC4EcDF4bf81EC9cf;Physical Sale;
403;7EoDTQ;0x0EA2Dd2a1d1988AC6a7437dE5369Ff1c5A22004d;Physical Sale;
404;41zmwy;0x7fB8e4511DD89cB30877b5dCeB45cf3480D6348E;Physical Sale;
405;6NPdsi;0x73487Bb0562EA7758B13F4a6118025F94A12dd5e;Physical Sale;
406;6gBVFs;0x243D7B9192817580e80dabce244b598FD0B6b386;Physical Sale;
407;39bCNJ;0x028b4A32Bc23830C625eB109b15d9947c4309bbc;Physical Sale;
408;3v4ppf;0x467d63debd34Ccd8a1031F9a471bd923Db3E0CC3;Physical Sale;
409;2WXWKi;0x9cE3fB08605C8940C4b1184a05733B860Bf2F34e;Physical Sale;
410;pVqiR;0xDAea99D21424371AaB8491904177b7A981e18ef3;Physical Sale;
411;5rjtEv;0x155c42E12D389fE5a43024c50bD9E513087c0119;Physical Sale;
412;6LuebV;0xbeAcE9e12b1334E89778a0042367fD1ec1b4C620;Physical Sale;
413;2V3X3S;0x4ce5b3D31cA68378134D84bc0AcCcB939698b6ef;Physical Sale;
414;3WM2KF;0x5eD909157F2aEC2842437239ecb070d19398cc32;Physical Sale;
415;2yDHQ2;0xf00BC0635c2A0210ea6df480e54c5CBc5c6Ad021;Physical Sale;
416;k3ssV;0xDCbCb7ef5C0dA036f0aD2e5365b98c12ffD11F63;Physical Sale;
417;3qcryn;0x38a3676dCF6485411Fe83993C0909ab9E35A9D5F;Physical Sale;
418;51pHwf;0xB570b034f449ab690595c21b031541d3F954862B;Physical Sale;
419;7ND9sQ;0x8672ceA830ad3Fa206EFa4Cb2afA4C5d725E40b7;Physical Sale;
420;36dDoq;0x285eb2b664b29529F515Ff3B3420880bc74DA624;Physical Sale;
421;7LjAb6;0x6B54C1885C677e400B95e13CBa2d89B33214b665;Physical Sale;
422;3Ky7Ly;0x192495C81328255aDa4bfE2DC2498838760034B4;Physical Sale;
423;fbv2a;0x0F434605b29b6ee3cE0fF9B387CA914B490D419F;Physical Sale;
424;5XU3af;0xb28d45b9351662734dDd8139aEA74B1E14411C8f;Physical Sale;
425;53JHE8;0x207A72e65aA19aE1c75336B08790233287769807;Physical Sale;
426;7Vd6HF;0x3e0E45224310e797e6455565A186Ef87877303D3;Physical Sale;
427;6ehVyt;0x4b594d4Eea807dD70c445c312DB973d4ac13dd26;Physical Sale;
428;6KRfKR;0xA10080c5637fb14196E9F946C1b4A39B652A0E4E;Physical Sale;
429;57kF5E;0xa93F673aD1c8794b0FA7D2a1BC57D038eDCF6f76;Physical Sale;
430;7RB8SH;0x014253Ee44374700ad7F0EAC1717E46519014F81;Physical Sale;
431;14Ehk;0x7E6CaDdC6A636D03d9fd77f0904fEe251738DF6E;Physical Sale;
432;fbv2j;0x193262B761a410990cc0D4DF1C0660D37E8a4db0;Physical Sale;
433;4Z8Wsi;0x91833341a8cC6Bff2Df1a12Ee8043B957457b97B;Physical Sale;
434;3mAu93;0xe001BB35AE5C4CABFf695d3574B410384b1a70F7;Physical Sale;
435;7DKEBc;0x7167ECD3A018E8dCDD98b9038cc6FbE444929d1f;Physical Sale;
436;6Hwg3D;0x1752CF157414D950135388eAc0d9611094315Ab6;Physical Sale;
437;3fEx1i;0x7e9BE28629d98fDB051E089b4d71ea30bF3160b9;Physical Sale;
438;64bnW9;0xA884F099a359EA59AA90081A97C6Bbc5CD41884D;Physical Sale;
439;2guRJe;0x0cdED6E4727326C06Cd163859A28F40607dF80DA;Physical Sale;
440;4QEbBm;0xF54E006bb4f115d64342733a4BCc05a1CE034782;Physical Sale;
441;2S5YVE;0x0582bc1D4032fE23B373442869bD7B3Cb20a28BF;Physical Sale;
442;7DKEBj;0x053187722f3Cd26B2991603fFf3795Cf7a3276D5;Physical Sale;
443;7AMFd4;0x8a8F766271DbAD47F964C7868dA8ca76A4aBeb14;Physical Sale;
444;6aFY99;0x139d361F84803BAA8ad89b6849bfF9D95471D202;Physical Sale;
445;2L9bMv;0x890Ac8e750cEe523573958aC72d361C7dea7f56c;Physical Sale;
446;7EoDU9;0x99dAcA8c33d02597839C4D753A352546fE5b89ca;Physical Sale;
447;YBydG;0xd9Fb688BD3bD10f9463eec8A1533136d8d4108b2;Physical Sale;
448;5Kc9LK;0x0e8962f06D3c92dD5de3D447F7388e743c77F0F7;Physical Sale;
449;4tQMYU;0x4a5A4ACF6FAcc080Bc4b21b63fA79c0d5d013827;Physical Sale;
450;3mAu9K;0xD7e028970193013374c6B834C385A7e93D2abd97;Physical Sale;
451;3WM2Kt;0x10F62F59935e0FC26c6e3912f655397dF1C181BD;Physical Sale;
452;vRnrX;0xBe9682dAF28985fd9Ff0336Fe42dC1f6E857c141;Physical Sale;
453;2dwSkC;0x9aFE81f14800870dEf49eD793f533Ce9eD23D859;Physical Sale;
454;3ZJztd;0x26661BE739452f3193D9DC60B2f838cd48eb1A76;Physical Sale;
455;k3stA;0xccFA69421908e7c8ECCbc8E68aFF705cccbFD2C1;Physical Sale;
456;47vj6F;0x8cC8479bB388656d8e22F0F6545193c3250f9364;Physical Sale;
457;3H18nt;0xE0ff60B10846D46cc02E104BDa226672f92a1Db7;Physical Sale;
458;28Hh7P;0x7775Fb18c4a34cbCF84d0B6Bfa58F014E121eeE0;Physical Sale;
459;2zhGh8;0x25f2b3B31fEbeA69002F576D810eAe79fF018abD;Physical Sale;
460;3Ru4V1;0x2B513BEc77e3AF27B1B5403f7034d88be2ca81bC;Physical Sale;
461;twoaL;0xD6ff8d10DcC6Ea3557b3E479981ae61bd935cbcC;Physical Sale;
462;6ehVzV;0xe4Fa5CA209cc0e2219134eC2cBC31fD5FED69795;Physical Sale;
463;4c6VSv;0x597b3Fc1690984aBb8fbF7F480c75DB6fc609915;Physical Sale;
464;2qoM19;0x357A651981ea502fC1Ac15F09b08F01B5A5cFD55;Physical Sale;
465;75uHnQ;0x20DC8AF99824C96A3007522294444499781268D7;Physical Sale;
466;6gBVGu;0x9C4315efD91d176Aa910A9298137cF93A4caD953;Physical Sale;
467;4Nkbut;0x6E9D1EEd6c84C8B4f65D509f133Af4D67D0FD715;Physical Sale;
468;4Nkbuu;0xd2B9a7004eAae00a77F862742B3f2C90d0f8EB58;Physical Sale;
469;6XHZat;0x6043e1c44fD1E8E498E18978BeE6dbA5c842F7B1;Physical Sale;
470;22MjzD;0x4B0B2C932EAd203ad89276d321Cc5Bbe05246eb7;Physical Sale;
471;5Na7uQ;0xD2d75E60a2368FEc9f77640a9565A8D150366dB5;Physical Sale;
472;2sHLHd;0x87A9C74E95C52B1624Ec8643E7020a982D88DC9E;Physical Sale;
473;7U971i;0x8fD459c85D664c8055aEe1BB7f8e0c38625F3971;Physical Sale;
474;5Q47Bo;0xed6ADc7995D4c6Ba567Ab75b4582a7b379936Cd0;Physical Sale;
475;e7vm8;0x23aa4244B9baD5ad4394934338AB30618506c05F;Physical Sale;
476;5Q47Bq;0x2c34053070E55C85D78D1e4Ec07D5fF830990242;Physical Sale;
477;fbv3W;0x14D894758F84E3e5Cf756dE2e350c87ad4dcceEe;Physical Sale;
478;2qoM1P;0x801D17e5156a7aFb4115d07F10813B348d2Cb5AA;Physical Sale;
479;5AiDen;0xb8c91bC266360d0C043697a74C6cD0a51c39e7fA;Physical Sale;
480;3fEx2T;0x65Bc6Dee5d6FE6f81211e7fB78891aFa86F6E46b;Physical Sale;
481;2wjJ8p;0xe08ee125dD6a33b39F08525ae25C2da77e97C303;Physical Sale;
482;twoah;0xd709D89A4895FD2E4f1e59a5d152e18A80d76dF4;Physical Sale;
483;6Lueci;0x2BE49C6659013A1993f60A4D693dd1E2590254F8;Physical Sale;
484;5CCCwD;0xE640eD1b4B8D203bd9dC7E0227cA6c84dd323FFA;Physical Sale;
485;5XU3bi;0x65b9D5B1468B7097c69B30DB288941EB32498138;Physical Sale;
486;43UmFj;0xF3F37294471AC3BE9F9164598499E3937CaE0c62;Physical Sale;
487;8UB8S;0xe77BE53074628237F59732c391fd38baFB9CF5D0;Physical Sale;
488;6PsdBV;0xAC48A2C19066e2F3244f65464893966C9E1478f6;Physical Sale;
489;2WXWM6;0xf86491Cc8C5c55CC0EB096cEDC3C7FfA929a26f8;Physical Sale;
490;6t3PY5;0x9EB20fdeEda0D8c0065e1e0CDc972026a3eea46d;Physical Sale;
491;5FABW2;0x3CB58B069de8e861446e3FDcbE08AAcf288B089a;Physical Sale;
492;2nqNSw;0x9ac29A3AFE84Ea5129D3E63D9d51A7C5BdE40962;Physical Sale;
493;2cTTUY;0x3B73EDB252445297f50CC567c046f8aB521f76a7;Physical Sale;
494;5Yx2tD;0x5bac9C728D7948d0187078397802a5481d6817c3;Physical Sale;
495;3ZJzuL;0x8c5F5e9f3E0B2bef4874a98b5417482818A1b251;Physical Sale;
496;3y2oQs;0x02b948D867067185cf24c54C6876d23Ad770F7c5;Physical Sale;
497;HN6pg;0x988445e88572BA0dff012F10AC512B1976cE75Be;Physical Sale;
498;28Hh85;0xBe4D5f6DF6323D2351d2ADcba8b3cC21021AC2c3;Physical Sale;
499;YByeA;0x965cEC9d4E5A45A572Cccc8A3db190304F4c4159;Physical Sale;
500;2wjJ99;0xD3bEfD6A2f932125C36f3AeEf5A880C5F827DD08;Physical Sale;
501;7BqEvQ;0x593B9fB176D3265cd04BEfB1E3a2B73F23B6f3F4;Physical Sale;
502;59EENq;0xE2E37d29a61ea9Dae8739DB1742d0A08864c2BC4;Physical Sale;
503;4FLfWn;0x2c5E0D4be60948DE0fDD1F64Ac0b36F9c7Fe251B;Physical Sale;
504;4UgZ3u;0x0C320C2753738aE7a7257E0b2460F6a930340Eef;Physical Sale;
505;Qn3EY;0x6133990540231dEbA3797E56d374f5ba081f58Ef;Physical Sale;
506;23qjHB;0x68494A6107B78fA6593eE2742d3AB7b5EdBe8c46;Physical Sale;
507;2HBcpJ;0xB5dE7bfdC299583544c7DcbC563Ec83D4f5935cF;Physical Sale;
508;2Y1Vdm;0x250Fd31e1354c19bb0FBd0457Fd05fbDaDca5dFa;Physical Sale;
509;4WAYLL;0x1E0b8Ff16C15048585c90BB0a83856ba434e8c14;Physical Sale;
510;3dkxkd;0xAEbB6EC12EEb93DE4F3743d8f394201365cd6F79;Physical Sale;
511;4daUk6;0xE4dE3bdDB555d8bfA59aE3c4a55864534971E6A0;Physical Sale;
512;LL5Pd;0x86555567b8bEC65055bb466B2b467498Eeb60Cea;Physical Sale;
513;5jKwrx;0x73de5fd7feD68deC1B1f3BB239440E35b4b6cf89;Physical Sale;
514;2P7Zwo;0x7da89622DE86eeFe1Db0A63BF7FfD256E41A4f9e;Physical Sale;
515;3y2oRC;0xe9a529747a1C05794aE52f842eb9ED3971735022;Physical Sale;
516;2nqNTM;0x269A8f62471B09aC1bc222720Eda9BBb5002172f;Physical Sale;
517;6uXNpt;0x5910B87662b21C5535Ff9d6A64894494b9927261;Physical Sale;
518;3s6rHs;0x7D3129Bf9f282a05010E4D93003c1603B54C31EC;Physical Sale;
519;72wKEe;0xD170EE589FF7ce4aa3ed17b9fFC4518e40FAccfc;Physical Sale;
520;EQ8GP;0x20a5edea724B90B1cdE72E8911ea0D5576a7A3dA;Physical Sale;
521;75uHoN;0xa1F55d804fc5C7cf67344b51b36Fc9Fa1aD3E24f;Physical Sale;
522;6rZQGH;0xA394dF18FfF8cF8F0ed7350600eE6b7d8aE97a9e;Physical Sale;
523;44xkYi;0x415b0fCfAeaf386217BabBd97d91005c29653feB;Physical Sale;
524;5Yx2tj;0xC5178d324c10Ae8f4F76FE663A3998dEc490DD0B;Physical Sale;
525;iZtd2;0xA3c9d63f88f6DD24c5Ac4310085D1662366Cf262;Physical Sale;
526;3s6rJ1;0xcc2A41403029672745d46c0cd95f099DdDA1cE5C;Physical Sale;
527;4f4U2i;0xCA3a8a3249D091a12Bc1D6F239c4D85195A9d8fc;Physical Sale;
528;5Vz4L7;0xdd0b19C6173BD822b5CE1006C7f5778061106ca1;Physical Sale;
529;2dwSmW;0xA19cdC273665cbaA47510820E7B5072268A15c6B;Physical Sale;
530;3Us34u;0xb283f7f61A51890d5760c5A102ec93834bb5153b;Physical Sale;
531;32BFzi;0xD2c1a603Ce6329DEa21dF98e2d0ef7949Cc3c513;Physical Sale;
532;5xfqQP;0x09496c7BECefF8053B71fAe7f910e3210fD745E2;Physical Sale;
533;7ND9uN;0x03a3aA89CE81E7e550710Bc318c10aF385fa90Cd;Physical Sale;
534;2P7Zx9;0x62c5758A6dD1209dfb4Ef23d812d38c0f5295036;Physical Sale;
535;359EZU;0xbe4C63bbCEabfcF85dE936E6b315d1522E30d000;Physical Sale;
536;LL5Q3;0x62cba94D4ceE8100a654bc1dAFDE6Aa757CdD2Fc;Physical Sale;
537;3p8sjW;0xbf3B0037e96f9006c9a2bd74785CED39BEe9358C;Physical Sale;
538;67Zm6Z;0x8D075F0ca921fc45a30B91d34140811A495e7103;Physical Sale;
539;EQ8Gi;0xB3A65Cd18d706043DD1841C4539B389416bd3281;Physical Sale;
540;7RB8UB;0x318d0c71B6758240CAAED48329A1B8a3eF5E7136;Physical Sale;
541;2FhdYY;0x6B9278D09B6e49B211452408b1CFBAFa7C405cd2;Physical Sale;
542;3giwKs;0x5Af7DF9130c958369d1105DbF9F9497163a053B0;Physical Sale;
543;693kNz;0x3F1A8DE973008a1c27B47574ae2D80C1221EeAF0;Physical Sale;
544;665mpK;0x11b7bBaD2d935AAdf6A0dce4e6C557D8d9267cbB;Physical Sale;
545;4rvNHn;0x4e603289F67A463246597008a2DD7fab257C4bfD;Physical Sale;
546;5M68eM;0xD62c6d8B6E79c21Ae46989c06089cC2Cad621102;Physical Sale;
547;2nqNTt;0x3EBdAC1f7c2efd8Aa6D2Cf42403A36e8d1a97C3E;Physical Sale;
548;2S5YX5;0x0e3408E6Ee7c3b1a9Ee4C31d1324C66BA20cD101;Physical Sale;
549;7DKEDa;0x5324e845091275BBB7848E7e0F049Bb80fdfAbdD;Physical Sale;
550;Mp4gd;0x6dC9ea51f29709ad4F24051d521ABd8327F364a0;Physical Sale;
551;3anzCe;0xbF92835a64145aE530b7B34895b481418286d282;Physical Sale;
552;4KndNf;0x128bF0838808BdAB7dadfe34738889eB78f55FCd;Physical Sale;
553;6AXjfW;0x44e08146fD89F74B51E55CD1ee7eb978Aeb6D715;Physical Sale;
554;3v4psB;0xc450A87834E7EF30Af5391161d093aa6c6D8B1D1;Physical Sale;
555;2FhdYn;0x088D6892b9909692aC8922e5f19e5A2E2F226374;Physical Sale;
556;7GHCnP;0x7188F69F6a1d2E6Afd1F4913A5A4ce49087F02F6;Physical Sale;
557;3taqat;0x9C4b198aF600E00b5E611C7984fE627cAACD32b6;Physical Sale;
558;6NPdvM;0xd1e2c4682400Ff85c692B02C945A4FFB4878eDdF;Physical Sale;
559;49QiQN;0x583D1A79eF85B4f2ed2Cec4011ba6dFaEB4eF41a;Physical Sale;
560;ZfxwZ;0xF2573bD1D8CF4dAaa694661c2Ef5538C33E8633F;Physical Sale;
561;7X75bv;0x6eFE2d8a2f1550a9A392721007951A5b6F24a1D9;Physical Sale;
562;3netTb;0x8465DE898bfD10b0dd672Bfa53A3791B15bC18ac;Physical Sale;
563;2YE2N;0x12780459eFbAE2A8F6DcdB6895781563CE735Dff;Physical Sale;
564;26ohrs;0xcF8f989139A8C4E9c33bABDfa6f75fD8E36BC05E;Physical Sale;
565;iZtdi;0x4714817C22c8176dF098217F6843d9BC25e7B41D;Physical Sale;
566;47vj89;0x7ecFC60250e458afE9D20d307dD5Fc6498C4C1AD;Physical Sale;
567;2guRLr;0x584cD6C0FD0bEd92F846501494D4843a76eF8749;Physical Sale;
568;3E3AG7;0x1e376D4D6F77F031D06aEB2959615eB15C55a1F4;Physical Sale;
569;3WM2Mv;0xB421Ad7234FCb0E695F6CF1De2d33bEf05c07270;Physical Sale;
570;4c6VUm;0xB0f14e3488231F9DEF3a5b131EF16D92EAc0FfB4;Physical Sale;
571;BS9ia;0xCF3dd68e52b240C02ba931874950D3d5073727b7;Physical Sale;
572;3cGyVM;0xe24f3264FDb22564fF2FFC005cf284D1735d2c4a;Physical Sale;
573;EQ8HJ;0x67b00FF6B50A6cbf6502D0A61BD1Bf7a6Cc8E35e;Physical Sale;
574;7U973T;0x086cA126bB05546b80092c92d34Db2a812175cD4;Physical Sale;
575;fbv5C;0x495326faf6D0910038ec9E4cbf87CfF21a14F7f6;Physical Sale;
576;2yDHSo;0x01F2acAC144eC6D42a3e95505a1b0c0A35Bb8401;Physical Sale;
577;b9xEC;0xc95899f54388018E7a53d75C3D4E2fA7c1dfeF92;Physical Sale;
578;4gYTKw;0x38Bc090565971b6d4d582A4F3B711b717d35b378;Physical Sale;
579;2TZXox;0x51d0d9A8F7987fB5288EE9468263A7605d475832;Physical Sale;
580;2guRM5;0x08A1f9B03156D1f1759047572Ee954D932Ff9d56;Physical Sale;
581;6rZQHJ;0x46c468f5C3Dd8d6644BdDCbDe430858DB4CB29BD;Physical Sale;
582;7GHCnq;0xecB57eB974970c70935cCE0c2b07d01813F7B94c;Physical Sale;
583;h5uMg;0x6661E99826C2D1C534d8f195C82e023f1889bae9;Physical Sale;
584;qyq3m;0x05A9324794eF2DDe2abde6DcCd9531654d36b0ee;Physical Sale;
585;4zLJiC;0x1794985062FFE7E4D402dD064bfB098F7BFb8962;Physical Sale;
586;3H18q7;0x9F149A81474499C695cbBB8a8994091d8277694F;Physical Sale;
587;3dkxmx;0xE5243aDe1726e81824515108A864adb1f9A6c02C;Physical Sale;
588;2wjJAf;0x41de8E9341A2e57e6161f88b7eE3BcD449cAdEC8;Physical Sale;
589;3dkxmz;0xED3539dB5C396C17522263D9c65049075aD3159D;Physical Sale;
590;BS9iu;0x9F5bFDEB0f7406a3F9a2a1633c0563CBd1f711Ae;Physical Sale;
591;3iCvd4;0xdb0Bf7BE2527e6d90575C8062C43EB2B15B0419B;Physical Sale;
592;44xkZu;0xef85B688272d27fA173e310D79c0cdefe0F45A7E;Physical Sale;
593;wunBJ;0x5bB08FeAB2bBE450f4CA025a20570FA013c07845;Physical Sale;
594;359EaV;0x02Bf7Eff016fAb98F4304cB989ab8a504fAf86f4;Physical Sale;
595;3Ky7Px;0x1D3CFc93515F6C7dD7F707ebeb64e201403b781B;Physical Sale;
596;4QEbET;0x921E22a0d3988E3B3E96B69143544B347D1464d0;Physical Sale;
597;o1rVJ;0x120958851B65a9Dd634de1AC0eA383Fa3A71f3d8;Physical Sale;
598;29mgS9;0xb76E9AF789dfeDBd1bc37e25fB71aB0b9572b542;Physical Sale;
599;4oxPk2;0x27C0703a0F15F7458ee542b174749f350D03dbA0;Physical Sale;
600;twocj;0xF1f707510fB4127561B3E3173811003Ae8e8d69F;Physical Sale;
601;4FLfYU;0xc8063C613417DaA1f526CaB9F0d29eF6F1126850;Physical Sale;
602;4kzRBP;0xbfEA5f69620fbB14a2D39E1D211D87f1EaC85979;Physical Sale;
603;7HmC5Y;0x216F5777a6fE23277455b08f82678Afc5A6b2F3d;Physical Sale;
604;5AiDgw;0x43FE2ec546C155A116f395aB8e614166B2A3DEfe;Physical Sale;
605;2BFfic;0x71A59E43Bd7F6f441424850E4377955a839E8867;Physical Sale;
606;387D9P;0x0Fa61b2cFB1740c229F0D6579d3D36d7279eEc83;Physical Sale;
607;VE17L;0x0d5640AaD7700fBeAa6E6FaF974B64D0bE45deF4;Physical Sale;
608;6DViF9;0x1B7974Fe26d03F65e61EfD34DE75026430FFB9C0;Physical Sale;
609;39bCRn;0xAEe02919bD308f48DF4C1785D62E9d819B6F7b11;Physical Sale;
610;29mgSM;0x80D5D9157F3f366E9f4Ddaefe9F17817fD6DC309;Physical Sale;
611;2tmKcN;0x38C0D86edC78ce44c51136D94dF51e7f00AA0603;Physical Sale;
612;5DgCFm;0xc4d18249bcFc04A0f19d4AC98835f25f490A75b6;Physical Sale;
613;2qoM3i;0xe19A9Cef9bb8Dbfc0d4d443A68c755bE3F70Bf9B;Physical Sale;
614;6rZQHs;0xE211af2152b13ADb271c5b291dF55b9DB612cBAb;Physical Sale;
615;2sHLL6;0x415266470ff6C5039019698bd852b14FE496eade;Physical Sale;
616;7Sf7mq;0x61C901Bba8Cd43c098Cc5146D33479c5F61E922c;Physical Sale;
617;h5uNG;0x146F9822c243Fd1eDA172589cE2A4BCF943C7B24;Physical Sale;
618;5Vz4Mf;0x8f7475bC575b3F32B10D3EB806DC12f0d669C847;Physical Sale;
619;7Vd6La;0x1B94d1bdA3fD1c2068Af90de0Bc74b1d5405787B;Physical Sale;
620;sTpLj;0xE7db8093f4AAdb96c079A41B4A945239D7894d6F;Physical Sale;
621;5Yx2vQ;0x4f626b6ec2b6241069FaDD6f839f8FC149AccF6E;Physical Sale;
622;5Vz4Mj;0x93D96da7976bA60c350A3F95F268EEBA06b4dAc3;Physical Sale;
623;6VoaMC;0x7B68Dbd418C277FD1Be083E5F37E8f52956670fC;Physical Sale;
624;2Cjf1H;0x644f80760Fff32546A1bFC35B2B9535D9E974937;Physical Sale;
625;6j9TtL;0x6E70c1A0c377a117f47Ce226fEb2FA7D2f59E2f4;Physical Sale;
626;23qjKF;0xCec21F2b8eE618a31EF13EAA58B634002DD270e8;Physical Sale;
627;3B5BiS;0x912Aa199CAb868c1E9E349e3a18cAfb95Fb57150;Physical Sale;
628;3y2oT9;0x5331042724d8C94397d5aa796B9610BF25D28Bd4;Physical Sale;
629;b9xF6;0xBE024A45e4497E22a7836FD03E02ad0d653A52F0;Physical Sale;
630;7ND9w3;0x81B1a6c32863B693Cd9E2E8e08fB55cA9f5Eaf9a;Physical Sale;
631;2EDeHk;0x2624cEBB7060e9A7e1978B9159d1C6e5E8a287C0;Physical Sale;
632;3wYpAs;0xc6f28A9765Ea4Ac03a04375d72ba0Db4D6dC4Cd7;Physical Sale;
633;Qn3Gk;0x0BaD91b587E1E14d054c0415e735064e4f41F026;Physical Sale;
634;693kQZ;0x96650114915a6E818Be7f682704ba36147f247e3;Physical Sale;
635;5J8A7C;0x17816adbd5fF7e386665D342869ddEE40393CED4;Physical Sale;
636;yPmUP;0xDa9fd700Fec9577DC6B25ae4D93508e4db837Cde;Physical Sale;
637;2Mdaha;0x4C458b55ba8f5a266a348E82272f2964F7278610;Physical Sale;
638;4tQMbj;0xA1aA273cfFaf549671928ac0138E03333c8618eb;Physical Sale;
639;BS9jk;0x1BC6F226b39F24198E0B2643eAE81C47D167F0Bd;Physical Sale;
640;6YmYvB;0xDB15B96E6942938E954865dFaD8b36fb047044F6;Physical Sale;
641;3Us36p;0xf3aFe36726DFde7E3e609b9116fB0ffAFE7837E5;Physical Sale;
642;5Vz4N5;0xADCd60AdB376986519a72A63bef788d4497767aA;Physical Sale;
643;4TCZox;0xfffFbfbA7D21c83265BBFcbb93Cb3188b733A974;Physical Sale;
644;56GFrb;0x7C6f13b3bBd83d96108Bfec77eC62B28839C9580;Physical Sale;
645;2cTTXA;0x9c24c89ACef34B4D201E866f99b79bdfBd9a5bf7;Physical Sale;
646;4DrgGu;0x2ba3F2dB9294d58345dD9921007107D03c22f7f2;Physical Sale;
647;78sGQE;0x170D3266C29bd710D91E796113Ca62DB130e6A09;Physical Sale;
648;57kF91;0x8999f37e1F73632569D3de2999f8116EcCABBC73;Physical Sale;
649;6VoaMe;0x8a2E51509e368525eF8390568f0047BcB760b6a3;Physical Sale;
650;6KRfPF;0x24Da14522AC046138C46b2A2CEfB496CC65F3b01;Physical Sale;
651;2S5YYr;0x55eC7Cb531d7899Fe80E541Cb74c8F81Bec0D47A;Physical Sale;
652;6w1N9Z;0xB387EB99b53f5f3a9D20EF2D196D48E0E15eF8C5;Physical Sale;
653;78sGQL;0x112fA74b2794b204921567f42E5f3FE5C16CbfB4;Physical Sale;
654;yPmUh;0x8bb6B7A0e8845Fba81d764777A0DD2e5b6bECab6;Physical Sale;
655;4FLfZQ;0x40fDaaf6D18D4e3D8C1A70CF5f625cc566fb61f5;Physical Sale;
656;67Zm8b;0xc3B35A6b1606784aa58741A287d6eE9C2Df6f25F;Physical Sale;
657;39bCSc;0xe531AfA925bd66E3E2CB2aC8766f95248d1e189a;Physical Sale;
658;6XHZe9;0xbf360Cad9ba321400Be81A7E6154CeEa8B245B97;Physical Sale;
659;wunCS;0xd535679Ef3AF2731819A1479CDcCCaf4E76f4430;Physical Sale;
660;5RY6XM;0x9B61744A1414515092f30a862a6eFDaD99EA36F3;Physical Sale;
661;3giwMv;0x143deD07d58C5261aE32eA156a3b945A4904953B;Physical Sale;
662;5DgCGd;0x81D6C342e200DD7d58CDEd3545076cb7D7BF5235;Physical Sale;
663;33fFKL;0x048f2a51381416947dcc1fF419fA29c78DB95671;Physical Sale;
664;4AthiX;0x1A8f28402BFE307735d33DeF7C35b9C3ba60b975;Physical Sale;
665;2dwSor;0xF9e66e0E94f6a00CA618D05792b086b83cf99be9;Physical Sale;
666;ZfxyP;0x5f145727876f5CAfab7d3e688FF1e7d335Ce8Eed;Physical Sale;
667;4oxPmC;0x6D0D7EDA2154Ac493BdD92C5344E2629189C23B6;Physical Sale;
668;2zhGkj;0x339cB7584Be5f0D30dC21f33433E85b7EBa33562;Physical Sale;
669;5CCCzQ;0x701359001f23F7ff3da6535ED1B42c3EE2ddeEd9;Physical Sale;
670;2jsPwK;0x7553a0BC2fd2e26C8aC3ADFE3C5Ef12fd91c2982;Physical Sale;
671;4Athie;0x5D61fc2e82F6C33f880E79CEd81fe4aAcf34Ee4F;Physical Sale;
672;61dp1V;0xE2aD13EA641c10Fc2c3EF7D9519de01B320193A3;Physical Sale;
673;7BqEyN;0x8d3BFf201Fe789e42d95a0a3214e96E3E2494368;Physical Sale;
674;32BG3B;0xE8b5a60057cC179643DB3900176D1AF5040E734e;Physical Sale;
675;4xrKTQ;0xF552e5fEBB476c2915E876b7c06056992301aCA6;Physical Sale;
676;4tQMcP;0x46fa4265B4Ed9EAF9cfE7950fdBED618c25c3fEC;Physical Sale;
677;YByhE;0x464AB8cEE706E5E3C54BD23715E01413E64B7c69;Physical Sale;
678;59EERs;0x65c59C7661564e33AA9A389F92891789f5951E19;Physical Sale;
679;6zBuQ;0x722Cc287228836fc1418f8416b38eae7fd6c2946;Physical Sale;
680;2WXWQP;0x9b9CE79955947e7dC1BE007B38205ca9c1A54c04;Physical Sale;
681;6Lueg8;0x46dBc51e49295cC585E82011D11eBAA397993C19;Physical Sale;
682;2QbZH3;0x5841E6D98a8f19dB3d2C01C90EdD3E6d9Fe1EB44;Physical Sale;
683;47vjAA;0x32f858726c686855bbDDd0347A188Ef5ced059F3;Physical Sale;
684;7U975M;0x91763222E24E4AaCd897De44c8Fddc4365FECC36;Physical Sale;
685;2tmKde;0x4aEa9f48d73A010d2b029bE6E21a02563E945924;Physical Sale;
686;6NPdxZ;0x7eEba2f95f8435183C64B5748566ff536FC79CE7;Physical Sale;
687;6j9TuQ;0x2253De574024a57AeA933614401645515cb7ab2e;Physical Sale;
688;6XHZef;0x4ab78c6CD2eec090F78330849c5a1EbB22a3D3D3;Physical Sale;
689;qyq5a;0xF238BA65156dC14235373C1bD66B7Ac7D003787d;Physical Sale;
690;44xkbb;0x0A670c2A121f245efEc134D329497D41de0cA103;Physical Sale;
691;5esz4z;0x64a5BbE6a3fAf7aF3b156387d87e61435ec22388;Physical Sale;
692;EQ8KM;0xA4385Cad3498773C522bACa1f72Fb93330A9f9FD;Physical Sale;
693;2iPQfN;0x29AB5B29eD2c95433CD19B92aE60A8D03ED8b8Bf;Physical Sale;
694;Zfxys;0x6e18F4adD110DfE7315841CFEe06fD34C2e6aFA9;Physical Sale;
695;7KFBPU;0x727c670a42F022C74e64099986d22F5df41c5d8f;Physical Sale;
696;4DrgHm;0x19C87312D8deebD16eB2cDF3C22ee00bdfB3C826;Physical Sale;
697;2dwSpQ;0xD8D7532182E37698db1c0a5FE1E8c8908d53272f;Physical Sale;
698;6yyLj3;0x26f0F40C6EF570a009985F3Bf5A545476AB5E2fA;Physical Sale;
699;5CCCzv;0x3c73bCd7449bF3f6251b08fc133f6038EcB8d9Ac;Physical Sale;
700;5kowCX;0x2646b737A36CBc4C7549F45ef0B2a3E06cEf396A;Physical Sale;
701;6EyhZ6;0x2484606bC70CD1821C1c4B0dc647834C81271eFD;Physical Sale;
702;3s6rM3;0xE62352caf4F7570f2376B3C3582fa325043F080f;Physical Sale;
703;3cGyXc;0x34ad2f7dd75EA9c2063c50C65cC6D52A3516c775;Physical Sale;
704;4zLJkF;0x71D7F6998adfD354E90Dd51cE2b8A0468db6de0e;Physical Sale;
705;25Kicx;0x36DedD4EF65C26c39fd0924aAc70E5cfb7da40B8;Physical Sale;
706;2yDHV3;0xa7112b3fb952d723881a166A7f05f41EA160FF4E;Physical Sale;
707;9xAUa;0xbE13EdF62dCcfe07926542DF8fe9EaC0600F94D3;Physical Sale;
708;6q5R39;0xf9Ffe247d8c92C4d394c3f478E6306033F3EcC80;Physical Sale;
709;6XHZf2;0xc9Bee0216f013b06b4aBc60d668721Cf99BF8674;Physical Sale;
710;5esz5K;0x63F74477dB85448C1ECeFeF2dA3f075659ca4B49;Physical Sale;
711;14Ena;0x3B06A192a50b81584a042EC0249c7B9Fad854bB1;Physical Sale;
712;2V3X8b;0xcBd57C9616D0843506C7bD2230006b00162d8b89;Physical Sale;
713;4Nkbz8;0x5Aa4cCDaBD10Bc1dF078CD2748A3a8345Df46286;Physical Sale;
714;3netWD;0x418dc8Ad9bEBd92E66f71d38aecb615B8C185fd1;Physical Sale;
715;b9xGa;0x9805374A1f6Ab77f29514264862ca79e7BE80634;Physical Sale;
716;2yDHVD;0xc9410678F0ae15CfAF5B8C2d4e37B046A4349840;Physical Sale;
717;yPmVn;0xa005BE73bBD085917cF052e7A90eFE373b578cc6;Physical Sale;
718;sTpNR;0x197FF74896c48d189eB4688EA857C9C1f60539b7;Physical Sale;
719;3H18sQ;0x34dB48AAE3ab1Fbf58930f645cEfB5e7da9eED00;Physical Sale;
720;k3sxj;0x86B2A37FeE97d27F55D4b572772860BB2f9Ad82A;Physical Sale;
721;36dDu2;0x38d73C6BDB45df7c04653941FCB227d3af6d48F0;Physical Sale;
722;3E3AJm;0xaAbFE080A53F3Ffa537489D3056D1C677894eCBF;Physical Sale;
723;2ZVUyp;0xa2f1e4B4331329dc0E83AaCD01E9e7fD94752A65;Physical Sale;
724;3WM2Qb;0x460F22DC603938f4Cf7Cad66F0F0bC04FB6E56C4;Physical Sale;
725;4RiaZ2;0xC9aA99F12d3633Ee7F520F592BDBf1e032a802f0;Physical Sale;
726;6ehW53;0x290E46189602F8e74bd7d13Cc9df52CBbC5d0d81;Physical Sale;
727;3B5BkA;0x6b4b69119bB6Bb7F8a5a7D0baEc8acE179d4f630;Physical Sale;
728;5hqxeK;0x34e6A747946217B9B331BD9FF723Da303f91e852;Physical Sale;
729;3netWU;0x895719a8383d0E1FaA8F2D1c988641F693c9a65c;Physical Sale;
730;4tQMdK;0x5B1F00672931481E86274B6536De7f89Caa12963;Physical Sale;
731;2BFfkn;0x838b730f685dF4277c9A23E83E62E3bb83f55d9e;Physical Sale;
732;4i2Sew;0x8448a8844b7153349A09506f1DEd3a53f9BcCa94;Physical Sale;
733;6AXjic;0xDCa68f6156767019975c1F4b540235a44085C949;Physical Sale;
734;2ayUGM;0x99db786091b8aE87Cd4D1B5dd85cA97C5ed5dBa4;Physical Sale;
735;4QEbGr;0x5B77DA0d3f30DF25900Dc0D96EA781FCBD5caaeB;Physical Sale;
736;5esz5m;0xAC4C99eeE05EF7DC1705B4Fc1520DCb8E9cff335;Physical Sale;
737;6RMcY8;0x0ED786c50646b96B474Bcc1aEa3C1bf5632c721a;Physical Sale;
738;4daUp1;0xaF6e663d35af691D075c82c1dA9937dEdF036fE0;Physical Sale;
739;28HhCE;0xF35Ab2111838fA8e6d9350c5d26fbF841feed62f;Physical Sale;
740;3jguwy;0xb6Ced94aa55B9bd063fF44Ac5280a007E723923e;Physical Sale;
741;6kdTCg;0xDDbDed9C21fE98b4430f389043E893d246A3fEB4;Physical Sale;
742;7Vd6Nh;0xe7787512EA18319e3D52FA4b4B6094Bf34B8A01B;Physical Sale;
743;Tk1sL;0xa6BbD8F02eC76Ee9fd8cE7f3214fd48bF41894f8;Physical Sale;
744;67ZmA7;0x3B061323b07A7B091B22c7Ca97B73252101cD7Ed;Physical Sale;
745;14EoA;0x34d3B5a28bCF5F2a86feA6fD987f21830456381F;Physical Sale;
746;23qjMK;0xCeF361D24A041a89E7575300EeB94c5ba2810EAE;Physical Sale;
747;77PH9c;0x0a14b7f7081aDd1619cc3Ae3C9323685EB8Ed901;Physical Sale;
748;4utLuy;0xBb894Aa69d10B662C0cF8512BC0e599E06b1Cfa3;Physical Sale;
749;75uHsJ;0x3c9299C17C2B4E22A58D62763684205C2B12551a;Physical Sale;
750;4i2SfF;0xC5f73A004D6E819d4a340d1BC4dEF2ea0037aB56;Physical Sale;
751;e7vqt;0x1f9d986C627B716E1B442f6076Dfd8Df8c5a8F79;Physical Sale;
752;42DMy;0x2fe7952b8D5085730e2a227A974EeA64c488716e;Physical Sale;
753;67ZmAG;0xB57b2Fb448ab2Fc97Cc2cac787842276Ec95301D;Physical Sale;
754;4c6VXw;0xD7a8EA28335247f10C40BA792D5eD4ADE940f520;Physical Sale;
755;5uhruY;0x60100aD98c9415B112A83e5b830Dc371371722da;Physical Sale;
756;6YmYxB;0x1cb7AFCBeae20eFE38770C7d9797ad7465cb165D;Physical Sale;
757;3iCvfv;0xf4D7aAC19E3C9690406D59309382211B53F662a5;Physical Sale;
758;3QR5Ho;0xF0EA84A8bAF7A845ED1241131a216655731D0508;Physical Sale;
759;6kdTCz;0xf8A9666a18cbb173923A3f68402bF3e7Ee0476a7;Physical Sale;
760;5wBrBy;0xAE3ad44Bd24b96d9D70E4EAc1030A26876D2Ad74;Physical Sale;
761;359EdN;0x5f961F689b13873881485C6d8694B8Bb6A786083;Physical Sale;
762;6q5R45;0x3dED07E6CC193972D6ebCD6665E764e80510D9C1;Physical Sale;
763;7KFBQe;0x4108d08D0bdAF8C72f012408Cb3DE07Da92ec820;Physical Sale;
764;5T25qV;0x6020ab29302C7CB1ed2797Bcf3343a91A511181d;Physical Sale;
765;6t3Pcp;0x47004622a50A5aff7Efd80A8472BB686fb2010F7;Physical Sale;
766;EQ8Ld;0xccFE2bd81a17F4DfA1E8B8b2934c4821A530E8CD;Physical Sale;
767;6XHZg2;0x3d08426F815B7406069Bdab29Eb3E163e73e9db0;Physical Sale;
768;7EoDZh;0x194EB8e064E4995d9A2e9Fa5BAf3468E5f85D16e;Physical Sale;
769;3Ru4aL;0x5c83f04093D612e5D7fEFA465711213c195f1eF7;Physical Sale;
770;25Kie5;0x2FA18EE63fd4459fa11F54f1D460a936711DA776;Physical Sale;
771;6zBvz;0xB2a8b6fadf7113F26811a7e61DB0B898578A84e4;Physical Sale;
772;22Mk5R;0xBe8b1578437932582703194d6E0FBc727447Fc9B;Physical Sale;
773;29mgVA;0x0645f15423bF4F79176fd7d8b2C706417f003dB1;Physical Sale;
774;2jsPy7;0xb2b73ec31a049B2680C9f1B5431d3762f157559B;Physical Sale;
775;71TL2i;0x82976b703d0344d038c2B6C809A11B6dc0f35F19;Physical Sale;
776;3netXH;0x557f7D1bE78490365ea9666705Ab8b939D34d4B4;Physical Sale;
777;57kFBE;0xD8E480a8548FE70fCc2a41391096f24fA1131055;Physical Sale;
778;5FABay;0xa03DeA5ad8a3603c49199BA07fc57DbE5B7Da909;Physical Sale;
779;6dDWoc;0xf1BC321d559b30B430691D43f841145503fc0897;Physical Sale;
780;2iPQgs;0xBE9B228d98d96238Ab81C0dC823566a538F0e2ab;Physical Sale;
781;29mgVJ;0x59285F86D7084633FF808De30d3839d0D1F208Ba;Physical Sale;
782;33fFMP;0x473f79E25ACD3B6a357aa116aBB504c8f20DD427;Physical Sale;
783;k3syp;0x791778e85cf1451985C9C75759D6752a748B156b;Physical Sale;
784;6hfUej;0xF884D0BABFbF8858891995F9913f4A396607C9F3;Physical Sale;
785;4Z8Wyn;0xF316F66089ceF9c6E2E0640499a14991E2bEa889;Physical Sale;
786;6rZQLq;0x94AEE11c68006577a7eC05D313372b40869eC1C3;Physical Sale;
787;6q5R4W;0x25C60Ff972994cc6f94a08E3eA2d780d56F935d4;Physical Sale;
788;3v4pwD;0xa9bEc9cDB28A4c420147c3FDC0cc5c04939f9bf4;Physical Sale;
789;5z9pmA;0x5088223E358Ce4A8DCac48b6512e45256Aa9c4Df;Physical Sale;
790;HN6uj;0xBeeDD8ecABaCaEb7330ed0B6E2bB129F7672AdA5;Physical Sale;
791;3y2oVx;0xBeB9F36d953395a77c360F78fc1299FC5cC41978;Physical Sale;
792;7HmC8o;0xC1BaA6F92c7f34ec2ee6B3c339DFCd373b39161F;Physical Sale;
793;wunEk;0x6d2906CBBdD072CC5F3A8EDF7991CCA4236A435b;Physical Sale;
794;5esz6m;0x27eA0Cdb0c962834E8f648f0FE8b82D799E1190b;Physical Sale;
795;6hfUev;0x59522ecff060C4CCfd60852d6B41B13Aa2A1d8b9;Physical Sale;
796;zskoV;0x51aA6FD6E6084EB1a6C4a49E3044fA73DE7cc796;Physical Sale;
797;2pKMpY;0xc347574907C1d811f03FAC1e275754A2d2e4Ad49;Physical Sale;
798;3dkxqb;0x60A14F685B250d40C6834cc3aa852F3fA9B8A74c;Physical Sale;
799;5aS2Fp;0x672E96cfF09991D95CD75b8eC6139DBA38Cfaf53;Physical Sale;
800;h5uRR;0x112d60f3fCdF01F9E3fea4530216B223E4F45f88;Physical Sale;
801;5Na816;0xd8200AACd6ef147d54CEDeC7AF7232aF8BB03502;Physical Sale;
802;2MdakR;0x8FA170D57c0F5e3f8EbDB8AEEDD2aA427f3a19Ae;Physical Sale;
803;5tDse2;0xd82d6f08280eA1F4df2A31e2dab0a79CFf48b51B;Physical Sale;
804;4UgZ95;0xF1fE3282953Fa1ADd402cE1c57D5e1a53c500dB3;Physical Sale;
805;75uHtG;0xb8E1A4bCc637eEbb6f996899E570f43F6E05f796;Physical Sale;
806;64bncV;0x150e1FDa0B6b8EA3D4845632395f1C5Eab9FDcfc;Physical Sale;
807;6dDWp6;0x96d866d2B110810901EDd71b0A37EdB89305AEC3;Physical Sale;
808;75uHtK;0xF84ce4Eeb97c3d72cd036Aa75e704Cc90421784E;Physical Sale;
809;44xkde;0x7D8378613e7fAB8eEC1cEc05640DaC603AD7F7fB;Physical Sale;
810;3Nw62M;0xF692927881c47456A2364bA667BA7293452a9967;Physical Sale;
811;BS9ni;0x779305e1751DFF891F7C02b1586100d0dC1d9bf4;Physical Sale;
812;fbv9H;0xd6dEA826E772B3352CEB46d09cf90fB651D34df4;Physical Sale;
813;Zfy1v;0xcafbDb8daEDafF52125fDac19293F8eeDbafc5Cd;Physical Sale;
814;3H18u3;0x95F1e665C0c336526c5cD0a459ED01c8B28347Aa;Physical Sale;
815;2QbZKL;0xc2cDe2caE6b58423e147F8889fd05c830b48d9CF;Physical Sale;
816;6aFYFZ;0x6046f7Bc5c486927Dc515c39e84363E4814480C4;Physical Sale;
817;6XHZgt;0x78bCF8ED0e7BE51255AC97afb61F0E4F8673a715;Physical Sale;
818;2wjJEd;0x863fadE0610BC869244bc2B9191aCce36e2A7298;Physical Sale;
819;4rvNNW;0x754f696B197DC41b631286429f6Ce041585300e7;Physical Sale;
820;6VoaQb;0xD6Ccf3beE5916B82C1d0d360a02AE67159038A3A;Physical Sale;
821;6YmYyJ;0x1fa52Bc787BFa3e68972f13ebA14A70F9f57e5Cf;Physical Sale;
822;75uHtZ;0x5849028289567219c8cAE66A595374A427C9b073;Physical Sale;
823;4nUQXY;0x104C456a8D5893A58ef5003b3edB2F5f2D3AB292;Physical Sale;
824;6dDWpP;0xEea1498551D2fb03175F880985Bcb2459C4373E5;Physical Sale;
825;4jWRxt;0x0b9d92d388aE307DDb5c85263ca06D859621672d;Physical Sale;
826;fbv9X;0xb8e0f8b73D70A0D039FF82665f3c463c386F63A7;Physical Sale;
827;Qn3L6;0xd9708367Fd082e47C48c5056021ece5eE69EB775;Physical Sale;
828;3dkxr7;0x695bFf24285d006948919C45F4469Feb15Ba33B7;Physical Sale;
829;2L9bUY;0x4a286F316A314Cd7Ca4f468b7bB33304A083615a;Physical Sale;
830;49QiV3;0x3036d891C9A4b0567EC8d525F0542B700B5FCd81;Physical Sale;
831;mXsGz;0x76C558D080b4A214cAc3Fe2DC1B79D38790ED490;Physical Sale;
832;2dwSrj;0x7B8f7d004fF0434Ddb4D1743D585cCBA13ddb9B8;Physical Sale;
833;5RY6aL;0x6b8Dd00B0DF68D58F412bCc687bEc5F4Fd1868bC;Physical Sale;
834;4utLwT;0x49e7accEB0d22E2aF2938C2A28695Ce380F20090;Physical Sale;
835;4oxPp6;0x796cD97351A43343FB521D06Ab69fCAb8691FcD9;Physical Sale;
836;iZtiP;0x6582c8a90c276f2A46dc3881B402c7b81014B2FD;Physical Sale;
837;e7vsN;0x4eDa7Cab40e764D0d1cC79734804044042349601;Physical Sale;
838;5M68jP;0xcb64591f1Ab2Da9a26395B43579184a69A47f617;Physical Sale;
839;WhzTg;0xCb94a3DD632D9df7D2123c50b55D9E75c60f214F;Physical Sale;
840;2P7a3R;0xbE6476a556d09E2D8bB5d3878f41be9Ef30a23e0;Physical Sale;
841;5gMyPv;0xC7F7B7258F3E0C992Fddf92A04f0D6bA6038D3E0;Physical Sale;
842;4kzRFX;0xDAc8Ba543d2201AC497c3C530837FDEae979Fd08;Physical Sale;
843;b9xJn;0xcbEA9e2948aF04329C877F57dF11bace0c18E87C;Physical Sale;
844;2qoM7h;0x9c93C7e4Af2dCA786F48D20f0AcC15D57CDd973a;Physical Sale;
845;6SqbrL;0x82134B1742177A18C2fDDc7624Fc5535DAB81eb6;Physical Sale;
846;3qcs7B;0xE6192949D5fB3D0918B8674DE40AE1d9E238AD19;Physical Sale;
847;2P7a3Y;0x62d9CdD887d42f66249356Adc5e87B48f5a585F4;Physical Sale;
848;5T25rw;0x6110E05Ede58AbD23cCb4cA5E8879B3f99105BAC;Physical Sale;
849;5Na81v;0x2E2a3356858027a1FBAD26476322F9f06CaC4238;Physical Sale;
850;2HBcvD;0xFaCc74E3e21B2eCF60D3C5A6d1634e33B1262012;Physical Sale;
851;387DDc;0x29c00520482d9E3B310ae8553A638471D123a110;Physical Sale;
852;4qSP6j;0xc3E1F34f6a136782e288a7E4C4A82396E113080e;Physical Sale;
853;2yDHXa;0x42bA5f9391b6deb8A445ad00393409058F06f300;Physical Sale;
854;Ft7eV;0x0702Cba2Ee36aD5cD325919f81374Ae396b2937d;Physical Sale;
855;2qoM7t;0x0C2E833Ff24902dca8Ff69EFE771E7082E05dCE0;Physical Sale;
856;2ZVV27;0xC11ec18E677bCe3780A5e3041FA82DBA51156e86;Physical Sale;
857;3WM2St;0xBEc1eB8963A00D3Ca374fbc6580509C62b777EcA;Physical Sale;
858;3ZK11b;0x87a4Dc17FB7d24DdD486457dd2cDBeBe95865dA8;Physical Sale;
859;4xrKWa;0xF58b7FB179dF6B7d6da2E59a2a6A86603Fc3C21E;Physical Sale;
860;5aS2Gs;0x2D7dc6E149393e6733787C1BD33E3bE57BA61Cd5;Physical Sale;
861;6C1j3A;0x6AcabDbDb6E84B08fC54ED4d7c395930e5c1c55B;Physical Sale;
862;k3t1B;0xd83c577b98663b77A1F60228Ff9051571E95F3a1;Physical Sale;
863;3B5BnW;0xf0457A7bD710672084042E314493c7b13baaC62B;Physical Sale;
864;75uHuH;0x9F191414c04FeF149DA57Ea5534990A307Fdf4Ca;Physical Sale;
865;6j9TxU;0xEb5c224B17D33955Ca6fB16ded257F0DCDA5775e;Physical Sale;
866;3QR5Kf;0xb8Ac95EEB8e0BEb99d85FeC70B10688624C400d1;Physical Sale;
867;693kUa;0x463b3729031046a4B173dEDAEe2872Bc2Db58e7b;Physical Sale;
868;3fEx99;0xAD88aAdD7F04633B3A0a214311d6Bcb2b9A944A3;Physical Sale;
869;9xAXN;0xA42B49aCC4489e2b1597d74207c0631EdABAe1B3;Physical Sale;
870;44xkeh;0x7769Db58de14BA1E8cDdB36468fdB447Ed9177c6;Physical Sale;
871;5wBrDt;0x8D5FEad6C2Baf04b52caf00715dA9E46fBA7e5Ec;Physical Sale;
872;4c6VZy;0xA8d90F1824187247c71B6042DFDc215E32b3B43e;Physical Sale;
873;mXsHi;0x574f126b25AFE33Cd53653E0485D4B8cbe06e4eC;Physical Sale;
874;4c6Va1;0x0f71509c5dA6D15170CFD536559505a73712C1C8;Physical Sale;
875;6XHZht;0xBb44FfBe0706b701Cdf3891bd0D271d050A9820D;Physical Sale;
876;2fRS9q;0xB534eb3245f46bBC2E7828A52DF45b51E3aE3261;Physical Sale;
877;5nHvXv;0x6D8ca5866A50120b50E6f9b72300E283c4e99266;Physical Sale;
878;6Eyhc9;0x9c03F9D1239ADDbC0485D18F70c4b4b1a9E77DB7;Physical Sale;
879;7GHCsx;0xAC9ACb2fe400573320d95473eDA68A24b8d57d4a;Physical Sale;
880;5Kc9Tm;0xa03CFC1AA21bd409AE1Ef70A538Bc5B0C74Ad7Af;Physical Sale;
881;14EqW;0x7A1A4889821A25452f4eD9DD2FB64A457d57Ac8F;Physical Sale;
882;4Gpeuf;0x15C733234Aa8ed3a8C2E8DaD420304A88D946021;Physical Sale;
883;6DViKt;0x3c8408621451FCE4b48cb467CB1FFa61e03dF52d;Physical Sale;
884;3Nw63d;0xD55dD474C313227028e96dB8be78e9aF3c83EfbC;Physical Sale;
885;2fRS9z;0x186FE2047cE83f85A55FE7E0F21D64D4154c3670;Physical Sale;
886;3Nw63f;0x5e92dAd210A4792e3BDeC1AF26E6e953d45da6b0;Physical Sale;
887;7Ph9Hp;0x8cDe8581FF5204A1355B699c7E0989e6cF1D7396;Physical Sale;
888;3Ky7V1;0x1504BC7415ae35E19139dD49ffc0F907C51cB5d4;Physical Sale;
889;6w1NDe;0xA5c0116292eBE7D955b155DF7ad47B96c776AaEd;Physical Sale;
890;67ZmCd;0xa32c3072c58e18105c605B8FE5BeEe030bdf917a;Physical Sale;
891;61dp5G;0xBC2A702E94c7360d561de5E4FD26872b2dd3FB5A;Physical Sale;
892;3giwRu;0x59f5b481bBCe1363274b4CC1C23cbaFDaB0A9aba;Physical Sale;
893;6KRfTS;0x33C08c728EFe15bCA85Cf0e69AA170Dbb5aD2e1B;Physical Sale;
894;fbvAh;0x6B4159d45B6D4eEa4901A8c498d4330C8B9A338B;Physical Sale;
895;3MT6mU;0x81BCebcac0658a7BFa21cADFed8120F11796F1d6;Physical Sale;
896;5Kc9U3;0x2b7C3BEB25A517393704F6eBD84a61BFB0254bdb;Physical Sale;
897;6AXjmS;0x8a9B4ec170C4F5D04453190D79f606D85B183304;Physical Sale;
898;6ehW81;0x565F1C617BfdB4C56c6CA4b74477FA4F8e9BD533;Physical Sale;
899;4tQMgE;0xb036835141727FDc188fd8BbC2e1923fC7c24556;Physical Sale;
900;6VoaRy;0x13f36586B4737289Dd62a3a33e0B072a12bED04a;Physical Sale;
901;6AXjmW;0x77976918eb3076A43b933D90b8886A5Ac964f204;Physical Sale;
902;7DKEKf;0x74b31D9262646f8e3AfF2Ed3FC653968d4C9C8f9;Physical Sale;
903;4nUQYv;0x2B351AC0AFC002F1e5bfFD1b2988dC6571bDEf93;Physical Sale;
904;4zLJoh;0xF3Fd1639bFdF4e9B07fdeD087d8C52690982D5D7;Physical Sale;
905;4wNLF2;0xe53E0F99625ac9A369CB72D839509eBB94ccb97F;Physical Sale;
906;o1rad;0x35DDC8D26ef9fc2e7B42DB1A4502bc392F1fF164;Physical Sale;
907;h5uTG;0xc86177340E34cA50686c1A5b48834094A90e7a8c;Physical Sale;
908;3dkxsV;0x8Adbc514B6C83077A1f0F5A7Afb23188F972c264;Physical Sale;
909;57kFDW;0x97CAb8999D3cd0fC3B2Dcf95766eFAF08F00CD12;Physical Sale;
910;twoi5;0x9e237421B1cEe63F0a445b5E3920A4d8BF3CB169;Physical Sale;
911;42DQi;0x3021b066D8bAdf3295660C407e3Ba16C5A948216;Physical Sale;
912;4gYTRh;0xE3C18DD3Ce7C6FFe1715b1B25a661393e545E185;Physical Sale;
913;5aS2Hn;0xa82374e1Df3FD95554AF92afb3051C0B329d41E4;Physical Sale;
914;6NPe2V;0xE4e63e2cF7cA3C809088C5E0287b9AC495BCDBf4;Physical Sale;
915;4c6Vai;0x844Ce1FDcEcCc2280680b297a4D96a9c70Af44A9;Physical Sale;
916;6n7SY3;0x365123F19A9bf8FfF8172c62307aEdCed44Ac618;Physical Sale;
917;6PsdJt;0x32435AD30c4840ad40BBbbC85A8768A89a1d494A;Physical Sale;
918;2yDHYh;0x05947cc03a1a84a0437326Af459674eF1b628aeB;Physical Sale;
919;HN6wx;0xF51FDb18aEE8dA0BBFE83Fd19F8bed11709123Ab;Physical Sale;
920;5AiDnP;0x76590510F0d3E0e60Ba09A3cb01bA19470470135;Physical Sale;
921;2Cjf6Q;0x8fBA8214fDB7C48097bCF187cAF9332761Fc3BD0;Physical Sale;
922;4RiacR;0x8d0d9839f9E349aCEa6Ba12fe49FDB231C937535;Physical Sale;
923;6Eyhcv;0xB98B215da6D858b09226e78F8CB616f48bB32D45;Physical Sale;
924;2wjJGT;0xafa79AdE930BC21b41A3DC197Fd677056D8591B2;Physical Sale;
925;46Sjwz;0xCF967eB226D0c0a5c43B3b5BDd31518AC3cc4d6E;Physical Sale;
926;2jsQ1j;0xa10af6f9B2F0538Bbdc0302fC6d377755E8b9734;Physical Sale;
927;3ZK12n;0x770866d89998E424583e2e2Cf0e1A3d7b95027Ca;Physical Sale;
928;2dwStP;0xC9e1c3284575aead2c2aed1f804aec5F047b0479;Physical Sale;
929;5wBrEt;0x8e41a71a44fe481375edb8976Bb5251c53Da5507;Physical Sale;
930;6Sqbso;0x296AdBBa2031612c850fAD19Be249bDaED4Db30f;Physical Sale;
931;2L9bWJ;0x1dffe58DA6a6BBbB94dD217116D133a1ffE55855;Physical Sale;
932;3FX9ej;0x1863B1E2EA3Ff9f526De38989B13c9d9FC14Ec26;Physical Sale;
933;2JfcDz;0xA30C8cFD38dD7d682AF5e42E8F520a5308b895DD;Physical Sale;
934;3CZB65;0xf178330a9b1688c5C584e0feB1b8eFF4927aE39e;Physical Sale;
935;6yyLo8;0xFBb3690C4d5189cb2f80e5b8c225b2E3d1E45079;Physical Sale;
936;2Cjf6f;0xFFA608F2f6EE9328702f85F0A1f7FA22000FeA4d;Physical Sale;
937;zskqv;0xAE4B669eFef856Bc5D5Bd6A11E2c3b2D65df0Ce5;Physical Sale;
938;2YE8q;0x41D3342b7177B481dE98B4f7C7032290B4B17C1E;Physical Sale;
939;yPmZc;0xbC3eEee667DA9EADCF3D17C58AB3E28A2DBc8922;Physical Sale;
940;6YmZ1M;0xCAeeE897B3704483499B3f9FDdCd707E1689d0d9;Physical Sale;
941;3CZB6C;0xD1e0c92BB9B95838AD6F0BF510E50212a2553670;Physical Sale;
942;3B5Bos;0xB6b2e34f3D9b26A4296c9DB2642f70A656905fc3;Physical Sale;
943;2vFJzS;0xfA58a2C99c5a3D5Cf3730F65C637B6F6eE4144b0;Physical Sale;
944;5z9poq;0x165D613ded2917Cb7E3F04e42921cbB83BB41ee5;Physical Sale;
945;4acWJt;0x0Eb3954cCd5F4314B98f4dd0a97951f132ae22b8;Physical Sale;
946;693kVw;0x76A344c42d86BD0cFc13bA08eaFB9Ed60BD031E0;Physical Sale;
947;49QiX4;0x2da9a53B1700680717Fd9dAF8AAEA03608ADD1Ce;Physical Sale;
948;6bjXaB;0xc4cE0e152264CC9fCc13FC19284CbC79D1c19588;Physical Sale;
949;Qn3NC;0x184088E512C50d86c952567F8ed882A48f15b055;Physical Sale;
950;3TP3uo;0xc65E39969fF3487739e287062361EDD25c9c9283;Physical Sale;
951;VE1DG;0xd8fee134B8BFf7a5d7D314D0cb0bADe2F2857451;Physical Sale;
952;75uHvo;0x3e05E1B370e0f698dD5477524cf18A660eAd7ddA;Physical Sale;
953;2HBcwz;0x5BB7A7ed437430E046AA23c6eC8D89eBefe79016;Physical Sale;
954;VE1DK;0xeb4B8052F2E1EC6dbd5ebf6A9d788800B307968F;Physical Sale;
955;5bv1ar;0x59850d522c4a74Af59f8C57d6f2D5bcaE98907Fe;Physical Sale;
956;Ft7gF;0x2647f2E0E6Ccde7F5d171F4bE55433349f97E4ec;Physical Sale;
957;7KFBTz;0x41410D54f4E09b922C7B56a85eFA59Bb88A2745D;Physical Sale;
958;7Vd6SR;0xB41BA90342735D971d42b145c0e0B7bE15e70d2e;Physical Sale;
959;VE1DQ;0xf240fF3F1a28c1bb109B1146d56C519945A641d8;Physical Sale;
960;k3t2s;0x93b18AA6123D5Efe1A4722e862cC45c97DD96517;Physical Sale;
961;2zhGqn;0xc3a633F1043D5A4A3a71C7d1623806e7780C1F94;Physical Sale;
962;YByn9;0x4F6e5C2457253DcDD847F8290c3ddD8715B9C774;Physical Sale;
963;5xfqXp;0x3CA54089F09cc0439B240b1e044839E854B4967D;Physical Sale;
964;44xkgK;0xDD2F552BC496823215D4EE81ceE7eE61235baD60;Physical Sale;
965;57kFEU;0xC897C9d5f6B7E9BeDff456A8EC6617A1D4Aba70c;Physical Sale;
966;5Na83w;0x0DfbbAeF005f3D0b37d2b6CA9618AE5c1A6e0593;Physical Sale;
967;77PHDQ;0x3dc3Ff88091571D4D0015Ee2c6c11e5f0F696F89;Physical Sale;
968;5omuqq;0xabc070D74d031c5f8F6631ec81290f59D0DA664e;Physical Sale;
969;8UBGk;0xc6E5e73F8b24c343f1c739c01dDcB52B161029a8;Physical Sale;
970;5aS2Jm;0xdFb262f94f6E1E995f7aEcAa2e455fc0Ea389B6C;Physical Sale;
971;25KihY;0xA8CDEA6F63a4E80FCc1bE2b8878361D6a2741847;Physical Sale;
972;6DViMR;0xA504A3EbF94d8Ba2c68a7C46Df285f96ddcDb34F;Physical Sale;
973;2sHLSG;0x6CA29CFDf461f0789d7718310e235E439D60b0F6;Physical Sale;
974;6t3PgR;0x881ef85714ee2f80FC9c683397d7bCc7fe2fB407;Physical Sale;
975;64bnfQ;0xeb2D7D005eDaADDD2EDA978b4c6bC897F73879db;Physical Sale;
976;5tDsh1;0x5a43bd95564CbE442A86289dc046A29B5Cd3816b;Physical Sale;
977;2WXWVW;0xe64a6E0Aa68cb35958964f0748bb14B9A6B21ab8;Physical Sale;
978;4KndW1;0x5ac39A7c239fe5dAb31C437a51CCCC1A7EC80aca;Physical Sale;
979;b9xM8;0x4334bdF19D6717298CaA51c8b1A6C4f4441D9F19;Physical Sale;
980;6VoaTM;0x2049D3B01aDc0AC34d43e8F66d7ea26Fc1b3a218;Physical Sale;
981;3wYpGt;0x35E0f2e67c97624438b077ffB4C8A3316527C713;Physical Sale;
982;k3t3F;0xea7FBDd064eADC645dea3A4753A9601DFe7d128e;Physical Sale;
983;5RY6cv;0xdb6020715BD1dFe549E10b164dA37A3aDd383101;Physical Sale;
984;46Sjy1;0x3c7f22DFAe64E41227a1CbcBaC7cE86Cc8950bfB;Physical Sale;
985;6UKbB6;0x82707513228Cdea6fe95b83AbbA1A7a7Cf44Ac57;Physical Sale;
986;25Kiho;0xc9E77164958fA90527deaaA2900b6D4E95EaD1C6;Physical Sale;
987;693kWe;0x2aF51f9148714F4a837d1DD72c676B519cD7EC53;Physical Sale;
988;43UmQP;0xEba8c7e6D36845Fd734bc2f0A51e7A7876eF0eA0;Physical Sale;
989;3v4pzg;0x2dcCbBbc2CAb8c9F87f5D39d31C0c7d4CF540443;Physical Sale;
990;2P7a61;0xc8bceC96adc7f47AfA8A9751f802E27DC253f765;Physical Sale;
991;2guRUA;0x91b0A4DFD1Bf7449BAc02b9545FE530Fa4c202D8;Physical Sale;
992;5DgCNK;0xE4473C613e3ee1A9ac7987AEB6D7dB41Ec9DC520;Physical Sale;
993;6XHZjv;0x3596452a6D21A85813294e8917A41BC8274c5a00;Physical Sale;
994;5Yx32q;0x193d42f86a771125Be533ea703Fbb76D51852FD9;Physical Sale;
995;b9xMQ;0x2ab7d825cA21D151AEF0C4301b8f854e240CeaC6;Physical Sale;
996;26ohzK;0xA7997Ff022c713064738Bdad9b8DEbBF2D314338;Physical Sale;
997;2guRUG;0x33d2FD9783F902CDF362E687f4AeABB11c5Ef516;Physical Sale;
998;71TL6Z;0xFcB896912CE8d825d89be76907e7d38BBefa69f6;Physical Sale;
999;2Y1VnE;0xB9aEB67C30b7c35114d2b9563aEC494d54060b30;Physical Sale;
